timestep,v_cmd,w_cmd,d_tg,dtheta_tg
1,-0.4628266990184784,0.43040740489959717,6.320763178323655,0.022037666412715536
2,-0.44470342993736267,0.4725128412246704,6.302259473160532,0.08642294114178718
3,-0.43341064453125,0.473552942276001,6.276054089003718,0.15276621278201583
4,-0.426466166973114,0.4746829867362976,6.2516703266027225,0.20728189173176975
5,-0.4312472343444824,0.47166645526885986,6.228050395720288,0.24775560811198716
6,-0.4347955286502838,0.47075891494750977,6.203230316321539,0.2948488685487736
7,-0.4481236934661865,0.46088743209838867,6.176426258038023,0.3390236765719432
8,-0.45089221000671387,0.45823532342910767,6.147540907412464,0.385574028350369
9,-0.45928704738616943,0.4188154339790344,6.116425777807763,0.42665615213010016
10,-0.4573535919189453,0.3676793575286865,6.08487111336421,0.4654723962695099
11,-0.45751094818115234,0.2986302375793457,6.053263280412514,0.49453095397919467
12,-0.4612940549850464,0.2732275128364563,6.020950830226193,0.523013972042036
13,-0.45810437202453613,0.2765212059020996,5.9878220372479385,0.551141871916313
14,-0.45928755402565,0.26526445150375366,5.9543219853398615,0.5778183880746388
15,-0.46064966917037964,0.24735450744628906,5.919968263171299,0.6024330990321085
16,-0.4595535099506378,0.2245890498161316,5.885144714940522,0.623363814964627
17,-0.46004828810691833,0.17509949207305908,5.849984235310976,0.6397573032139778
18,-0.4603063762187958,0.1277526617050171,5.814606165248971,0.6506395745138636
19,-0.46309155225753784,0.04627811908721924,5.779764433296895,0.6551452253499768
20,-0.46703284978866577,-0.0658799409866333,5.744831857211901,0.652557160332685
21,-0.47284677624702454,-0.14698341488838196,5.710092939670281,0.6424506315771247
22,-0.4808519184589386,-0.2568110525608063,5.676044570708351,0.6210506504517866
23,-0.48779094219207764,-0.35041385889053345,5.6424391021902185,0.5921756256727848
24,-0.48829564452171326,-0.34634917974472046,5.608708221633552,0.5623341249671536
25,-0.4750958979129791,-0.08062601089477539,5.576837102542722,0.5510478246725892
26,-0.47724562883377075,0.11451894044876099,5.545406925992738,0.5568478035524419
27,-0.47926369309425354,0.17046058177947998,5.5132405823371995,0.5714875351298588
28,-0.48158639669418335,0.23208534717559814,5.480279635701561,0.5919965433777383
29,-0.48374706506729126,0.2798703908920288,5.446456805644552,0.6176314219298434
30,-0.48616012930870056,0.29697930812835693,5.411443376333285,0.6426917597122589
31,-0.48755568265914917,0.34936803579330444,5.375206613097206,0.673016209526021
32,-0.4884062707424164,0.3265812397003174,5.340023853589712,0.7026221638939748
33,-0.48773279786109924,0.3460924029350281,5.301789899710223,0.7377309098473344
34,-0.4866804778575897,0.3517424464225769,5.262946253807232,0.7669550525534331
35,-0.48530569672584534,0.3582919239997864,5.223527177548487,0.7975837115020543
36,-0.48411011695861816,0.4090479612350464,5.182871565036465,0.8323644408560513
37,-0.4855513870716095,0.48152685165405273,5.141645209266813,0.8802315516938994
38,-0.48510974645614624,0.4858924150466919,5.098003340679343,0.9290717100513775
39,-0.4850251376628876,0.48977363109588623,5.053029723493589,0.9750362763689588
40,-0.4841685891151428,0.48936927318573,5.006853111434796,1.0216523062293468
41,-0.4837157726287842,0.49147146940231323,4.9593708080815135,1.0693388003377375
42,-0.48371341824531555,0.4920635223388672,4.912130192583997,1.1184380285601752
43,-0.48167383670806885,0.4920440912246704,4.865132365268906,1.1717673819486396
44,-0.48248520493507385,0.49208563566207886,4.8158040476828585,1.218667973226028
45,-0.48316720128059387,0.4917396903038025,4.765189149381472,1.2602015522896943
46,-0.4841999113559723,0.4903184175491333,4.714813960180846,1.3061466132811161
47,-0.4846448302268982,0.4907362461090088,4.664497869187842,1.3558477759610916
48,-0.48497694730758667,0.4886589050292969,4.613780037778921,1.4008941582363454
49,-0.485119491815567,0.4859647750854492,4.562750008558313,1.4444382466591428
50,-0.4844769239425659,0.4783761501312256,4.5111968566362926,1.492170579120953
51,-0.46997228264808655,0.3997119665145874,4.461324682037024,1.5328013568021406
52,-0.480106383562088,0.28080201148986816,4.412498033339249,1.5627620242757196
53,-0.47885242104530334,0.28321343660354614,4.364571001415628,1.592058181848725
54,-0.47768282890319824,0.380645751953125,4.316340566580534,1.627231770477567
55,-0.4717470407485962,0.47224825620651245,4.268079178809423,1.6662074546516528
56,-0.46434351801872253,0.4841766953468323,4.220353254138347,1.7065378681336154
57,-0.4593728482723236,0.48704689741134644,4.172203609113153,1.7503984200678184
58,-0.45193716883659363,0.48890775442123413,4.126665574885069,1.7963617318498837
59,-0.4446011781692505,0.4909898638725281,4.082687605444887,1.8453245101236233
60,-0.43770095705986023,0.49092358350753784,4.0380895689597605,1.8943734071599376
61,-0.4343099296092987,0.4816380739212036,3.9961801729788897,1.9380332853417992
62,-0.425880491733551,0.4867798089981079,3.9555777883037226,1.9853229978252085
63,-0.4109596014022827,0.4879029393196106,3.9176028472903055,2.0353294044075194
64,-0.4051038920879364,0.4856761693954468,3.8829528457417473,2.085070532822582
65,-0.39772289991378784,0.48800671100616455,3.8488896198227387,2.1335279929566346
66,-0.39619094133377075,0.48585736751556396,3.817078468204212,2.1787541046104817
67,-0.37869876623153687,0.48530828952789307,3.788075287272601,2.2219322699695274
68,-0.3289874792098999,0.4809004068374634,3.7611162857890665,2.274695220162367
69,-0.358797550201416,0.4851205348968506,3.738038072674409,2.332079450483258
70,-0.37320613861083984,0.482105553150177,3.7156799332217143,2.3795881981144706
71,-0.3759511709213257,0.4782058000564575,3.694488721083508,2.4272832433754097
72,-0.39856526255607605,0.48124194145202637,3.675711341286225,2.477416454273531
73,-0.4255423843860626,0.47920167446136475,3.658237024485255,2.5205656373026724
74,-0.4199334979057312,0.4662969708442688,3.6412480056874825,2.568800118355682
75,-0.38586342334747314,0.4509984850883484,3.6253045212051935,2.6100475982753526
76,-0.3449312448501587,0.4241582155227661,3.6120226451633575,2.653935374966211
77,-0.4112926423549652,0.3235163688659668,3.6054930569285144,2.692867232676323
78,-0.3333725035190582,0.2806495428085327,3.595912527285374,2.725988172666855
79,-0.2877020239830017,0.04627114534378052,3.590136471148242,2.735061524853858
80,0.17852693796157837,-0.38085848093032837,3.589650016854576,2.707735092715194
81,0.10566133260726929,-0.48439842462539673,3.5979759897861325,2.651274174409008
82,-0.08922463655471802,-0.4836595356464386,3.5989646638095176,2.5972479107567343
83,-0.12653344869613647,-0.48578256368637085,3.592687616312352,2.5470566686631764
84,-0.0799175500869751,-0.4869961142539978,3.591447566242998,2.5001474134509536
85,-0.207967609167099,-0.48213231563568115,3.582095799613111,2.4487348743384367
86,-0.11168688535690308,-0.4898223578929901,3.5746499202035413,2.3935312272700964
87,-0.25522902607917786,-0.48692527413368225,3.5634643708151694,2.3453507402535805
88,-0.23494553565979004,-0.48786991834640503,3.5486096826346167,2.2862872330075574
89,-0.32515501976013184,-0.45937010645866394,3.5293331281037115,2.2348660927128923
90,-0.106575608253479,-0.34160250425338745,3.516115723473036,2.189375516454563
91,0.16223561763763428,-0.11372262239456177,3.5101570953160652,2.1708519877387
92,0.14757978916168213,0.24431383609771729,3.5088566179749625,2.188235943166289
93,0.04589587450027466,0.43820786476135254,3.5129059107672678,2.2319242734001357
94,-0.1913377344608307,0.484341025352478,3.5177049564584983,2.284294475853115
95,-0.21948105096817017,0.47691166400909424,3.520873484153101,2.3482257913212448
96,-0.25370025634765625,0.40228331089019775,3.5167482185312036,2.4011751836178026
97,-0.010093241930007935,0.13923728466033936,3.507536508471127,2.422281269222158
98,0.01531749963760376,-0.10531935095787048,3.505959825330967,2.416931313322007
99,0.02282613515853882,-0.35345661640167236,3.5072023823840266,2.385955922327869
100,-0.22782999277114868,-0.48275336623191833,3.502276094723154,2.3353051852025355
101,-0.27285587787628174,-0.4861848056316376,3.487082144065505,2.273219509538208
102,-0.3990669250488281,-0.48294538259506226,3.45910766128503,2.206455338499937
103,-0.12792539596557617,-0.4368797540664673,3.439808392868604,2.1542304755104276
104,0.23841029405593872,-0.24910840392112732,3.4327729263075737,2.1172812830290617
105,0.1843780279159546,-0.07519537210464478,3.4314821511973457,2.1037743945772083
106,0.028281867504119873,0.24681085348129272,3.433314824247843,2.120177206800543
107,-0.10930183529853821,0.41803693771362305,3.435387062499449,2.1585147076050113
108,-0.2687782645225525,0.481350302696228,3.4345926954884276,2.215356900627596
109,-0.3718436658382416,0.42524784803390503,3.4287130372531167,2.2784140149858705
110,-0.19942915439605713,0.24035096168518066,3.4135429435490576,2.314141126119934
111,-0.13600391149520874,-0.054757654666900635,3.40527712965083,2.3167081379292225
112,-0.13275712728500366,-0.3834083676338196,3.400856535925783,2.293407876990023
113,-0.19255927205085754,-0.48178309202194214,3.391454710401009,2.249581199843046
114,-0.3270290493965149,-0.48017820715904236,3.374996960722422,2.1989396006564954
115,-0.3990097641944885,-0.4755209684371948,3.347915641020272,2.13613343628467
116,-0.4228736162185669,-0.46175166964530945,3.3218667052142945,2.081397298996258
117,-0.44256436824798584,-0.4514201283454895,3.2947413440900513,2.034552531403358
118,-0.46299341320991516,-0.4523688852787018,3.2645494355842763,1.9868773655730614
119,-0.46749067306518555,-0.4411715865135193,3.2336284482912427,1.9384179027347492
120,-0.4734984338283539,-0.4333024024963379,3.20140787979881,1.8922263965434014
121,-0.47506996989250183,-0.41725388169288635,3.166714574604848,1.8492432544001878
122,-0.4777206778526306,-0.4220297932624817,3.1316101909161134,1.8082320431171688
123,-0.47755131125450134,-0.43657147884368896,3.0963489066709786,1.7700009171145272
124,-0.47666630148887634,-0.4339538812637329,3.0595237193659015,1.7260529290750408
125,-0.474130779504776,-0.41750073432922363,3.0218148764461725,1.68648182035039
126,-0.4732653498649597,-0.42550671100616455,2.984208165662463,1.6465491187001278
127,-0.4735812246799469,-0.44154226779937744,2.943575962514119,1.6082485724648226
128,-0.4730530083179474,-0.43897026777267456,2.902973326249302,1.5626168762245918
129,-0.4743354022502899,-0.45929059386253357,2.8604328964467087,1.5190349271096242
130,-0.47444090247154236,-0.4441472887992859,2.818013007398543,1.4742620967363216
131,-0.4750572443008423,-0.4527001976966858,2.7753608654898576,1.428349171348295
132,-0.47498461604118347,-0.4464731812477112,2.731050803496976,1.3844958146876096
133,-0.47520533204078674,-0.4505881071090698,2.6871816001158995,1.341359449230119
134,-0.4756176769733429,-0.4636232852935791,2.6420742846794543,1.2940931076255393
135,-0.475236713886261,-0.46406716108322144,2.5960136768292172,1.246971763339574
136,-0.47479039430618286,-0.4677266776561737,2.550225144131188,1.197927557980533
137,-0.47612378001213074,-0.47291988134384155,2.503461363531625,1.1547455666811697
138,-0.47454071044921875,-0.46887218952178955,2.456844451499965,1.115616476401239
139,-0.47582098841667175,-0.4719425141811371,2.4099933183011473,1.0678898967377233
140,-0.47698286175727844,-0.47547972202301025,2.3609096922070667,1.0272168060098492
141,-0.4741550087928772,-0.46683335304260254,2.31322346760165,0.9799503233593077
142,-0.4786679148674011,-0.03404855728149414,2.266254383706157,0.9656753015329317
143,-0.4777527153491974,0.059059202671051025,2.219415267259417,0.9684723770832951
144,-0.47704899311065674,0.07124936580657959,2.172656615137633,0.9738337511921548
145,-0.4770221710205078,0.07410800457000732,2.126062751370041,0.9798276951329884
146,-0.47693392634391785,0.07931721210479736,2.0793295267762764,0.9863856838060081
147,-0.4767135977745056,0.08035647869110107,2.0327315741814527,0.9932631580441622
148,-0.47655507922172546,0.08426487445831299,1.9860746446834974,1.001009974133105
149,-0.46643349528312683,-0.051828980445861816,1.9403557016462414,0.9994831414099986
150,-0.4766281843185425,0.06515806913375854,1.894062656918605,1.0029450375951598
151,-0.46602705121040344,-0.043326765298843384,1.848441018373959,1.0014123128451369
152,-0.4680017828941345,-0.07197505235671997,1.8029121133014179,0.996452384949843
153,-0.4770060181617737,0.06066322326660156,1.7564020646300615,0.999126251235774
154,-0.4764469861984253,0.0939934253692627,1.7097779043134127,1.0066933066783652
155,-0.46610787510871887,-0.02023249864578247,1.6640137928630339,1.0068303645214522
156,-0.46610453724861145,-0.0446648895740509,1.6186382824077916,1.0042388861645364
157,-0.46613678336143494,-0.048153847455978394,1.5733185488431598,1.000786106925697
158,-0.4662039279937744,-0.05061972141265869,1.5277714488009835,0.9977099474445018
159,-0.47759950160980225,0.0612109899520874,1.4812978573917257,1.000534217232142
160,-0.4660225212574005,-0.01998385787010193,1.435527970871466,1.0005796087668088
161,-0.4660589396953583,-0.03754240274429321,1.3901747627836212,0.9987319594687408
162,-0.4776570796966553,0.06775951385498047,1.3437035646570918,1.002340781046568
163,-0.4658600091934204,-0.018470674753189087,1.2980712271179944,1.002393206055859
164,-0.46631258726119995,-0.03573349118232727,1.2526387090712068,1.0005901287765777
165,-0.46623966097831726,-0.0400276780128479,1.207225870926823,0.9979569421249316
166,-0.4779370427131653,0.0703631043434143,1.1607154110184343,1.0014784958017566
167,-0.4661468267440796,-0.022540807723999023,1.1148928321186546,1.0012502013946478
168,-0.4666350781917572,-0.031225532293319702,1.0694053542615989,0.9998585831338207
169,-0.4666465222835541,-0.03359842300415039,1.023986378315418,0.9977870340069424
170,-0.4779258966445923,0.07585740089416504,0.9774501642059981,1.0016394507136912
171,-0.4653918147087097,-0.015469491481781006,0.9318465405425003,1.0018142612259486
172,-0.4665840268135071,-0.029980212450027466,0.88650360222795,1.0005832298974484
173,-0.46652477979660034,-0.032441645860672,0.8410844762054791,0.9988805739467332
174,-0.4665246307849884,-0.03316235542297363,0.7957441064974992,0.9969355021216606
175,-0.47784921526908875,0.07789897918701172,0.7490024905108648,1.000156424225426
176,-0.46561694145202637,-0.009873121976852417,0.703440487339996,1.0005414718235879
177,-0.4666461646556854,-0.02621600031852722,0.6580276534447053,0.9995143171352523
178,-0.46661078929901123,-0.027956902980804443,0.6126998867481178,0.9983720789311011
179,-0.4665732979774475,-0.026943951845169067,0.5673867905705701,0.9968687285487152
180,-0.46650153398513794,-0.02621898055076599,0.5220908916564606,0.9955820183070337
181,-0.4782750606536865,0.0843091607093811,0.47564804525580295,1.0001791712398471
182,-0.4647182524204254,-0.0032506585121154785,0.42996083611084307,1.0009153736119243
183,-0.4665704667568207,-0.020790666341781616,0.3845829816096908,1.0000854403471262
184,-0.4666948616504669,-0.02356073260307312,0.3392044752808273,0.9989805001446016
185,-0.46665117144584656,-0.024390101432800293,0.29384675781715314,0.9977733954362278
186,-0.4667351245880127,-0.021901249885559082,0.2484679156574171,0.9967149163396085
187,-0.46667152643203735,-0.021671056747436523,0.20307434744594488,0.9957083453212849
188,-0.4667317867279053,-0.019850939512252808,1.394058295846115,-2.0560383876797754
