#{"t_start": 1768953343.4971309, "env_id": "None"}
r,l,t
-9.704489,39,9.459399
-9.790714,272,41.153418
0.22824837,600,75.596468
2.3510482,600,75.596546
-0.29352933,600,75.596565
-0.4269122,600,75.596581
0.88372254,600,75.596596
-0.21869588,600,75.596611
1.0802721,600,75.596625
-0.46503597,600,75.596639
-0.23541865,600,75.596653
0.578744,600,75.596668
-0.07340101,600,75.596682
-9.79156,418,90.868248
-10.983059,149,93.215634
-8.686661,163,94.869215
-9.774365,271,107.954712
-0.7237965,600,147.320741
0.1829225,600,147.320805
1.8407277,600,147.320819
-0.90763295,600,147.32083
-0.9382905,600,147.320842
0.13582425,600,147.320852
0.31342438,600,147.320862
-0.97366315,600,147.320873
0.38154688,600,162.724281
-0.5354889,600,165.029406
1.340142,600,166.669089
-0.35004845,600,179.387085
-1.0560025,600,219.010334
1.2135578,600,219.010414
-0.07502797,600,219.010435
0.22537687,600,219.010453
0.11527664,600,219.010469
-1.8679789,600,219.010485
-0.05509181,600,219.010501
1.1108665,600,219.010517
-9.663755,528,229.883969
0.18865564,600,234.505046
-0.2652103,600,236.848552
-9.694194,512,240.996569
-9.433066,261,250.288482
-10.224698,279,252.495551
-8.620834,482,276.816709
-9.54829,577,288.046182
-0.045875404,600,290.880383
-1.4050732,600,290.880452
0.73139125,600,290.880474
-0.20552072,600,290.880491
-9.966895,101,300.208004
-0.36373255,600,301.734385
0.7396999,600,306.184465
0.20299685,600,308.647131
-9.896532,90,312.444263
-1.4847399,600,312.657582
-0.61951387,600,322.049149
0.7878855,600,324.153856
-0.8910722,600,348.17172
-11.763819,424,356.721816
-1.5849284,600,362.444345
-0.10736423,600,362.444421
-0.33422634,600,362.444443
0.5588941,600,362.444459
-0.48783377,600,371.629817
0.48303083,600,380.18156
-10.359152,277,381.362473
-0.23968111,600,383.973542
0.15029658,600,384.231915
0.008420023,600,393.412394
-0.5406156,600,395.532072
-10.277722,331,420.45475
0.2500303,600,427.939297
0.24832442,600,433.472494
-0.28618613,600,433.47256
1.0584908,600,433.472581
0.14677942,600,433.4726
-0.15275256,600,442.729521
-0.4130261,600,451.090356
-1.2642533,600,454.780011
-0.227555,600,455.032206
-0.84882796,600,464.278408
-0.21475376,600,466.42368
-9.968763,185,472.950721
-9.976965,127,481.601224
-0.3005455,600,491.541716
-11.141771,498,492.513819
-0.043432318,600,499.144118
-0.29374498,600,504.803932
0.7615793,600,504.803993
-0.38989308,600,504.804007
-1.0317234,600,514.17803
-0.5102738,600,526.295397
0.70249104,600,526.516845
-10.756034,226,531.594398
-1.2785019,600,535.823195
-0.914584,600,544.690961
-0.33334956,600,553.554457
-0.23096101,600,563.491586
-0.2839361,600,564.451281
-0.7435722,600,571.200855
-1.0389011,600,576.977729
1.0619509,600,576.977808
-0.48209628,600,586.193894
0.25950408,600,598.46103
-0.72640723,600,598.738972
0.3977486,600,798.663687
-1.5281852,600,802.750524
-0.7110918,600,811.443919
-1.0107616,600,820.190994
0.17395338,600,830.394698
0.95841604,600,831.363695
-1.1866829,600,838.107252
-0.52851653,600,843.776511
-0.11561211,600,843.776571
-1.0884973,600,853.105565
-0.28074148,600,865.342546
-0.31398058,600,865.568334
0.42587698,600,870.784848
-0.47525352,600,875.067945
-1.9325124,600,884.008576
-0.5657756,600,892.736514
-0.54540247,600,902.941984
-0.72016805,600,903.948746
0.6658665,600,910.480368
0.06473301,600,916.14261
0.5141759,600,916.142671
1.0160065,600,925.48576
-1.124359,600,937.914985
-0.40325958,600,938.146397
-10.022189,5,938.772022
0.28960446,600,943.357894
-0.2990105,600,947.464712
0.1235452,600,956.501893
0.74544984,600,965.215385
0.18383753,600,975.20728
0.5637048,600,976.206332
0.4870872,600,982.703338
-1.0868047,600,988.188981
-0.15521199,600,988.189046
0.50730777,600,997.56111
-0.11170591,600,1010.126306
1.2366704,600,1010.964672
0.57439107,600,1015.585291
-1.1220697,600,1019.708343
-9.993843,3,1020.076225
1.1090572,600,1028.546065
-0.20262259,600,1037.288149
-0.58183587,600,1047.532544
0.65452373,600,1048.481911
-1.8588257,600,1055.152892
-2.021731,600,1060.731374
-1.5443648,600,1060.731462
0.985039,600,1070.192835
1.0658371,600,1082.746433
-0.1978501,600,1083.568782
-1.3851464,600,1088.115937
0.015570068,600,1092.733468
1.4032888,600,1101.184407
12.035437,535,1102.018917
-0.398228,600,1120.179101
0.66186106,600,1121.097442
-0.38031203,600,1127.711635
-0.7608056,600,1133.447452
-0.6869923,600,1133.447511
0.027328612,600,1142.929366
-0.39116898,600,1155.3861
0.095745094,600,1156.256185
0.9629229,600,1160.842389
-0.32477108,600,1165.410526
0.47688186,600,1173.862875
1.000297,600,1174.708622
-0.22212669,600,1192.639217
-0.8063283,600,1193.610117
-0.7439062,600,1200.175636
-0.033068497,600,1205.9657
0.59220314,600,1205.965764
-0.61080027,600,1215.390092
2.1462243,600,1227.988367
-1.2733107,600,1228.829303
-0.45357266,600,1233.308993
0.288285,600,1237.970495
-0.0786293,600,1246.412419
-0.34717393,600,1247.228705
1.2089895,600,1265.392407
-0.046570428,600,1266.373448
0.4473174,600,1273.084538
0.017189946,600,1278.775918
-0.3020842,600,1278.775978
0.6671906,600,1288.342604
0.42468953,600,1300.79444
1.9126332,600,1301.663981
0.9788223,600,1306.138942
0.2049843,600,1310.839161
-0.0703186,600,1319.342722
0.30692387,600,1320.217027
0.41317344,600,1338.348891
-1.0746987,600,1339.311517
-1.6728066,600,1345.872756
-0.38096362,600,1351.482125
1.2745864,600,1351.482181
-0.69316983,600,1360.847681
-0.5944596,600,1373.467449
-0.017145079,600,1374.274022
0.18052861,600,1378.76789
-0.21817392,600,1383.312166
-1.9701138,600,1391.982714
-1.9291868,600,1392.893016
-0.0044149873,600,1603.69645
-1.6493723,600,1604.594659
0.17348228,600,1611.235615
-0.8273631,600,1616.95761
-0.18547983,600,1616.957663
-0.05741211,600,1626.290705
-0.082177065,600,1638.724264
-1.443869,600,1639.548465
-0.67265296,600,1644.183244
0.50440437,600,1648.785378
-1.1834999,600,1657.234218
0.5829213,600,1658.081973
-1.5108693,600,1676.028263
-0.11734579,600,1677.011001
-0.5608057,600,1683.690775
0.25440952,600,1689.176892
-1.199938,600,1689.176982
-0.22098397,600,1698.734983
-0.97857076,600,1711.053064
-0.13861205,600,1711.862248
0.92513,600,1716.394629
0.05095811,600,1721.014625
0.14723879,600,1729.251107
-0.104584344,600,1730.112932
-0.607102,600,1747.935877
-0.28685966,600,1748.92412
-0.626593,600,1755.553018
-2.0806713,600,1761.222518
-0.51588815,600,1761.22259
0.50371975,600,1770.638347
-1.5792717,600,1783.11671
-0.29792643,600,1784.005897
0.09604567,600,1788.424256
1.3394085,600,1793.016332
0.22556113,600,1801.462919
0.040070586,600,1802.296591
1.3163329,600,1820.155797
-0.35595855,600,1821.123744
-0.21291718,600,1827.724529
-1.393163,600,1833.322479
1.1983808,600,1833.322538
-1.3418769,600,1842.739891
0.8616453,600,1855.198786
-0.553141,600,1856.027553
-0.38515294,600,1860.578081
-0.87523276,600,1865.054413
-11.08822,363,1871.281852
-0.7123738,600,1873.546056
0.21253967,600,1874.407789
-0.29910317,600,1892.715811
-0.48000205,600,1893.709444
-0.7908925,600,1906.051617
-1.987004,600,1906.05167
-0.20280996,600,1915.467071
1.096479,600,1927.974284
-1.9920166,600,1928.821798
-0.5346533,600,1933.387554
0.29304138,600,1938.007971
-0.8408165,600,1944.289454
1.1505641,600,1946.447668
-0.56594384,600,1947.25268
-0.87928927,600,1965.129935
0.548323,600,1966.066308
-2.065493,600,1978.318929
-0.6427293,600,1978.318995
-0.28761935,600,1987.714015
1.8630453,600,2000.320406
-0.28151134,600,2001.174216
0.75027066,600,2005.809289
-0.6168491,600,2010.312585
0.25692233,600,2016.677776
-2.5096912,600,2018.848354
-1.3066379,600,2019.69301
-2.1124597,600,2037.783857
-2.367162,600,2038.72122
1.1906881,600,2051.109065
0.7355213,600,2051.109128
-3.3909612,600,2060.808699
-2.307988,600,2073.333958
2.6713207,600,2074.15304
3.1542673,600,2078.794542
-0.307088,600,2083.353164
-0.21361963,600,2089.665633
-0.48892137,600,2091.86713
-1.2523346,600,2092.729573
1.2066145,600,2110.868641
0.600416,600,2111.86881
-0.10419772,600,2124.328355
-1.8092523,600,2124.328418
3.1645298,600,2133.496289
-2.2064862,600,2145.993964
1.3614085,600,2146.786299
-3.5982747,600,2151.336402
2.1342564,600,2155.894758
-1.066517,600,2162.258742
-1.5522685,600,2164.359833
1.1550535,600,2165.156563
-2.4184477,600,2183.190885
0.5748277,600,2184.087607
1.0288985,600,2196.740144
0.7398002,600,2196.740202
-1.9548417,600,2407.839449
-2.151537,600,2419.98596
-3.4867215,600,2420.839038
2.7447984,600,2425.427391
-0.55683744,600,2429.872418
1.4252679,600,2436.102374
-1.1626047,600,2438.305333
-0.76604,600,2439.14757
-1.4873328,600,2457.048248
0.59086573,600,2457.986048
-0.2946612,600,2470.154444
1.661449,600,2470.154506
1.2936511,600,2479.412035
-0.3791013,600,2491.650321
-0.68456376,600,2492.478658
2.6288102,600,2496.986201
-0.5057419,600,2501.586929
-0.7521456,600,2507.888246
0.21752611,600,2510.066088
-1.1303096,600,2510.964417
-0.76264185,600,2528.761951
-1.0817571,600,2529.724145
3.817904,600,2542.054083
0.006857298,600,2542.054143
-0.65252244,600,2551.468798
-2.6986814,600,2563.842068
0.88863885,600,2564.70208
-1.658946,600,2569.370761
-2.8436198,600,2574.051659
-2.367583,600,2580.47451
0.4381017,600,2582.648983
2.5121484,600,2583.487303
-0.8020988,600,2601.336153
-1.9292604,600,2602.319031
-0.8911181,600,2614.515731
0.2835202,600,2614.515795
-0.55057967,600,2623.988549
0.57458854,600,2636.622893
0.14371409,600,2637.490006
-0.3675783,600,2641.996045
-1.094339,600,2646.77928
-1.5464866,600,2653.070935
-1.877281,600,2655.224706
-1.2925276,600,2656.078921
-1.3544997,600,2674.334913
1.0825052,600,2675.298886
-0.3189516,600,2687.834414
-2.1038811,600,2687.834472
-2.2799854,600,2697.211653
-9.529865,415,2703.746605
-4.3277006,600,2709.864217
-1.1570519,600,2710.745155
-1.4126339,600,2715.204924
-3.0326045,600,2719.73824
-1.7386144,600,2728.101142
-1.8469981,600,2728.925056
0.49551147,600,2746.934041
0.14674123,600,2747.876861
-1.6694138,600,2760.385433
-3.646404,600,2760.385497
-0.72450733,600,2769.686483
-10.487207,188,2770.639849
-7.3240967,523,2773.70672
-1.4839853,600,2776.118677
-2.929504,600,2782.21905
-0.22905245,600,2787.55025
0.511843,600,2792.194524
-0.7661261,600,2800.76473
0.41525313,600,2801.628366
0.9120993,600,2820.025434
2.5252104,600,2833.2996
-0.5316696,600,2833.299658
0.82338464,600,2842.738876
0.054811675,600,2843.675857
-0.6615017,600,2846.63887
-9.052465,538,2847.537213
-0.54881716,600,2849.04995
0.24620435,600,2860.484587
-0.7901836,600,2865.034118
0.682125,600,2873.517904
-2.7945445,600,2874.337893
-1.5980179,600,2892.243541
1.2999246,600,2905.608383
-0.65186405,600,2905.608444
-3.7915852,600,2915.100372
1.0918875,600,2916.099831
-2.2204661,600,2919.117057
-3.2027242,600,2920.062047
-1.3008895,600,2921.454346
-2.8483272,600,2932.873935
-1.2188768,600,2937.46229
0.68463296,600,2945.915511
0.16929728,600,2946.719848
-1.9348005,600,2964.939735
-12.475008,253,2976.701016
-3.3390749,600,2978.259325
-0.6258681,600,2978.259397
-1.770706,600,2987.773902
0.21285246,600,2988.778553
-1.9557792,600,2991.778217
-1.0097811,600,2992.801324
-0.7511788,600,2994.257178
-0.8757023,600,3205.219648
-0.4664217,600,3209.636046
-1.3296565,600,3218.705466
-11.498423,145,3235.92213
1.3068657,600,3236.443116
-0.8895414,600,3248.165893
-0.5654899,600,3249.748547
-1.689095,600,3249.748624
0.8894529,600,3259.056508
0.4590994,600,3260.035249
0.1279175,600,3263.077617
-1.2400608,600,3264.087322
0.06591451,600,3265.553159
-1.0833416,600,3276.968508
-0.84084713,600,3281.538359
-1.9259437,600,3308.000325
0.5745993,600,3308.466475
-2.8601348,600,3320.118729
0.0131566245,600,3321.728904
-0.6647834,600,3321.728962
-0.86465967,600,3330.894361
1.4552273,600,3331.798267
0.97714025,600,3334.793886
0.9737813,600,3335.6944
-0.7371564,600,3337.121868
0.36598578,600,3348.666161
-0.40450203,600,3353.303998
-9.550379,361,3379.269254
0.5665265,600,3379.97725
-0.2212137,600,3380.486441
-10.344848,22,3382.019389
0.109181635,600,3392.111744
-0.047741305,600,3393.693837
-1.3205885,600,3393.693899
-1.6979258,600,3403.022144
-1.6973733,600,3403.973355
-1.2828765,600,3406.998498
-0.93711734,600,3409.449745
1.941918,600,3420.860777
-9.172052,103,3421.738244
0.6691342,600,3425.339017
-2.9161325,600,3451.986135
0.1708553,600,3452.462278
1.269044,600,3453.833947
-1.387542,600,3463.88011
1.3323054,600,3465.437448
-2.0330594,600,3465.437503
1.4094826,600,3474.812392
0.493457,600,3475.760914
-0.5702523,600,3478.700742
0.113204755,600,3492.505821
-0.6157123,600,3493.48962
-1.7098548,600,3497.047904
0.061113406,600,3523.474698
-0.7906273,600,3523.942533
0.44674167,600,3525.359268
-1.0855296,600,3535.863613
0.23987684,600,3537.431309
-0.22216621,600,3537.431368
-2.195245,600,3546.855679
1.2277713,600,3547.801615
-0.911526,600,3550.664651
1.3612529,600,3564.585325
-1.4090371,600,3565.564177
-2.9391282,600,3569.242144
-1.6593992,600,3596.098312
-0.17964609,600,3596.607364
-2.201915,600,3598.070534
-0.8571219,600,3608.419321
2.9367805,600,3609.905375
-0.41716775,600,3609.905431
-0.28360295,600,3619.455739
-1.3477306,600,3620.437837
-0.7667982,600,3623.426688
-1.7098509,600,3637.190231
-1.8316298,600,3638.211636
0.46896863,600,3641.760274
-0.7481522,600,3668.295556
-0.42849234,600,3668.790447
-0.5278894,600,3670.292167
-0.24730408,600,3680.625143
-0.04522349,600,3682.125262
0.47835776,600,3682.125324
-0.13064815,600,3691.640909
0.36586624,600,3692.510302
0.30175748,600,3695.621543
0.39505902,600,3709.52985
1.6681784,600,3710.483598
-3.3182552,600,3714.12628
-5.421661,600,3741.040157
-5.0861645,600,3741.523232
-5.949635,600,3742.943909
-10.926609,248,3744.185296
-10.044583,12,3744.419043
-2.226046,600,3753.431527
-1.7041295,600,3754.954707
-4.7939487,600,3754.954774
-3.6674175,600,3764.42374
-0.98914194,600,3765.328626
-0.8607404,600,3768.445558
-1.5396614,600,3782.350898
-1.5396397,600,3783.361992
13.025528,488,3800.770959
2.970312,600,4010.266012
3.8932903,600,4013.365426
-5.2856445,600,4013.61455
-2.106051,600,4022.179308
1.6832981,600,4023.732484
-3.4045794,600,4023.732552
-2.42557,600,4032.944143
-0.54841214,600,4033.95381
-0.7691866,600,4036.867409
-0.7571554,600,4050.642649
0.7047261,600,4051.620566
-12.131392,91,4062.258152
-8.198309,600,4068.6439
-13.207884,484,4071.010572
-4.2004476,600,4081.569031
-1.3557717,600,4084.65867
-2.1170042,600,4093.66609
-8.108803,600,4095.295144
-8.641135,600,4095.295199
-7.8485527,600,4104.555984
-0.12320057,600,4105.486017
-1.6382003,600,4108.482203
-0.80687785,600,4122.289823
1.9813725,600,4134.12227
-2.525322,600,4140.534348
-1.6477185,600,4143.060168
-9.63774,346,4146.2291
-1.9451838,600,4153.696907
-2.0485446,600,4156.755983
-0.8629514,600,4165.837259
-2.585115,600,4167.36492
-0.6936852,600,4167.364995
1.587917,600,4177.824716
-1.5163802,600,4180.82963
-1.818494,600,4194.547801
-0.7236277,600,4206.452585
2.0573213,600,4212.750003
0.5523679,600,4215.201982
-0.43424663,600,4218.399387
-0.7776677,600,4225.950487
-0.4857097,600,4229.193897
-2.259135,600,4238.137258
-0.65400136,600,4239.679364
-1.8714691,600,4239.679427
1.0701066,600,4250.110172
-0.11939706,600,4253.068482
-1.0954928,600,4266.989352
-0.3008767,600,4278.962553
-0.2213894,600,4285.267833
-1.9138197,600,4287.667088
-0.1875494,600,4290.878678
-0.9280829,600,4298.352405
-1.3370544,600,4301.485631
0.6768288,600,4310.454717
1.8171675,600,4312.091999
-1.0311272,600,4312.092061
-1.9562511,600,4322.70674
-1.94786,600,4325.689447
0.2720483,600,4339.639287
1.5790845,600,4351.667891
-1.2018824,600,4358.098473
2.252833,600,4360.477302
-3.2658458,600,4363.673277
2.6246843,600,4371.223087
0.023331242,600,4374.474224
0.6995702,600,4383.344403
-0.2302931,600,4384.897267
0.8986349,600,4384.897326
1.0832963,600,4395.351808
0.3565194,600,4398.317724
0.59491754,600,4412.313784
-0.6490044,600,4424.245192
0.64166534,600,4430.654964
-1.6573808,600,4433.123313
0.16342922,600,4436.235169
-0.73658514,600,4443.717133
-0.15102807,600,4446.924011
-0.7694261,600,4455.991325
1.0906429,600,4457.562792
0.92047095,600,4457.562849
0.2170277,600,4467.966129
-0.8276504,600,4470.977785
0.07035936,600,4484.965803
-0.36773014,600,4496.786351
-0.82685524,600,4503.176859
0.29008085,600,4505.553149
-0.28861463,600,4508.616391
0.14630328,600,4516.175417
-0.17953642,600,4519.40413
0.71252644,600,4528.208818
-0.98114794,600,4529.77461
0.6666547,600,4529.774669
0.46296942,600,4540.117785
0.25981885,600,4543.082316
0.09850348,600,4556.892365
-0.61729294,600,4568.768029
-0.91363645,600,4575.122648
1.213969,600,4577.544049
-10.218649,26,4580.667761
-0.28943896,600,4580.667819
-9.650048,53,4581.499468
0.18511032,600,4588.099879
0.0868056,600,4591.291228
0.62515813,600,4600.347691
0.24099015,600,4601.88651
0.22656155,600,4601.886569
-0.13575332,600,4804.452751
-0.13594931,600,4807.371796
0.1800065,600,4821.262921
-0.8177188,600,4833.216725
-0.5302332,600,4845.106377
1.0008848,600,4845.10644
-0.5795646,600,4845.984077
-0.7196095,600,4852.783375
-0.642983,600,4855.980034
0.099827446,600,4865.022577
2.1121116,600,4866.553016
-1.297159,600,4866.553095
1.1519231,600,4876.846995
-2.8005939,600,4879.939142
-0.9220138,600,4893.896075
-3.3603022,600,4906.033156
-0.9720868,600,4917.946458
-1.7799461,600,4917.946532
1.2171456,600,4918.811923
-9.357973,528,4919.85322
-0.57559055,600,4925.389447
0.92057127,600,4937.632654
0.5717772,600,4939.203092
-1.1144602,600,4939.203155
-2.8273027,600,4949.621765
-1.6215565,600,4952.592203
-1.4862952,600,4966.599104
-0.20209832,600,4978.516628
0.71026194,600,4990.484466
-1.0024874,600,4990.484537
-1.4649457,600,4991.262845
1.8198016,600,4992.376694
0.7049708,600,4997.844198
-0.054878477,600,5009.862722
0.742701,600,5011.45582
-1.0220652,600,5011.455882
-0.98039985,600,5021.879522
0.75140417,600,5024.945168
-1.079939,600,5038.526697
0.16233905,600,5050.471909
0.2473567,600,5062.409871
0.54013103,600,5062.409937
1.0229733,600,5063.31041
-0.9053661,600,5064.460849
-0.087433524,600,5070.085036
-0.97113305,600,5082.245587
0.1946611,600,5083.788003
-0.178959,600,5083.788064
-0.53243715,600,5094.256636
-0.7231546,600,5097.170594
0.43284675,600,5111.073435
-0.061551373,600,5123.08817
-1.0592139,600,5134.800015
-1.074316,600,5134.800098
-0.43024373,600,5135.614626
-0.5534504,600,5136.750337
0.0391312,600,5142.232306
1.147162,600,5154.348636
-0.36921284,600,5155.940377
0.6473438,600,5155.94044
-0.023149876,600,5166.294397
0.3834793,600,5169.319895
0.20673892,600,5183.067628
-0.02267173,600,5194.912775
11.142764,281,5200.018073
-1.0282577,600,5206.8974
-0.72500706,600,5206.897464
-0.5882837,600,5207.703935
-1.1215028,600,5208.787937
-0.51245487,600,5214.325162
0.4464299,600,5226.542239
-0.5136094,600,5228.130457
-0.8699017,600,5228.130524
0.42167524,600,5241.330148
-0.9054282,600,5255.229932
0.24645191,600,5266.940089
0.03497978,600,5272.015562
0.17053083,600,5278.858941
0.08541683,600,5278.859003
-0.4305585,600,5279.722984
-0.8638208,600,5280.833707
0.4343315,600,5286.447757
0.67667,600,5298.668771
0.13109978,600,5300.193262
0.7499472,600,5300.193337
-0.39677954,600,5313.631566
0.18398584,600,5327.374057
0.400057,600,5339.126902
-0.32919228,600,5344.128784
0.19650234,600,5351.144703
0.37190533,600,5351.144766
-0.5127428,600,5351.944883
-1.0055637,600,5353.005504
0.49025193,600,5358.561545
0.7378125,600,5370.857002
-0.56501275,600,5372.406445
0.41557205,600,5372.406507
-0.76166296,600,5385.626628
0.7218849,600,5591.896821
-2.0262804,600,5603.421441
1.2807603,600,5608.514313
1.6284088,600,5615.396096
-0.045797035,600,5615.396161
0.20595759,600,5616.234182
-1.2967877,600,5617.312691
-0.16387218,600,5622.631669
0.681729,600,5634.863905
-1.5521979,600,5636.407996
0.80129987,600,5636.408057
-1.4891067,600,5649.520892
-0.8907189,600,5663.379694
-2.0143864,600,5675.267112
-1.3623867,600,5680.341962
2.4678493,600,5687.158667
-1.2937784,600,5687.158745
-1.4816401,600,5687.963658
2.5652473,600,5688.984129
-10.464188,215,5689.127634
-3.6863022,600,5694.58337
-0.61933064,600,5706.687508
-0.42168197,600,5708.290381
0.30772993,600,5708.290437
1.5787253,600,5721.807481
12.904177,234,5736.494415
-3.7895648,600,5747.526337
10.968046,28,5750.898334
-1.6863378,600,5752.582566
2.2462773,600,5759.563382
0.021932425,600,5759.563459
-0.34251475,600,5760.402205
-0.5188897,600,5761.506923
-3.9362724,600,5761.625632
-3.9200912,600,5767.010449
-11.871495,80,5771.109014
-0.020092892,600,5778.975718
-0.98435146,600,5780.487387
1.6182522,600,5793.808361
0.74818295,600,5808.813234
-0.0132439975,600,5822.991682
-1.953612,600,5824.679008
0.23039654,600,5831.35272
-0.5200645,600,5831.352783
-0.8279999,600,5832.182079
-0.5338029,600,5833.186375
-1.4871973,600,5838.730737
1.8120666,600,5842.991228
-10.455083,205,5849.090257
-9.507419,153,5849.641721
-10.453066,58,5849.904016
1.9469124,600,5850.923946
-11.651542,167,5851.406179
-9.043235,152,5851.549969
1.1504714,600,5852.52325
1.199137,600,5865.908504
-11.337263,158,5870.578031
-11.204042,186,5873.827882
-1.1224495,600,5880.716518
-8.929432,404,5880.836449
13.652922,375,5894.599708
0.676828,600,5894.71016
3.3697243,600,5910.654725
-9.539654,312,5918.10633
-1.9484409,600,5921.220527
2.2554388,600,5922.100811
1.72154,600,5923.100722
-3.7528625,600,5924.688362
1.6698428,600,5938.069006
-11.829613,171,5938.875182
0.642454,600,5942.718897
-0.5975556,600,5946.134451
-2.315775,600,5953.100606
-8.259084,159,5958.230483
-0.8110572,600,5967.463464
0.99582154,600,5967.578668
-10.013312,258,5969.430021
-1.8182737,600,5983.523782
0.96738076,600,5993.857656
0.2770869,600,5994.750116
1.0157423,600,5995.699668
-3.2987015,600,5997.256394
10.802326,451,5997.37664
-7.656129,393,6000.399731
-11.18247,492,6017.48094
-3.6932075,600,6018.507715
-3.1737568,600,6039.544902
-2.2669842,600,6039.655382
-1.2347218,600,6041.598259
-0.6849607,600,6055.680518
0.16207078,600,6066.259991
0.9811009,600,6067.143483
-0.109624006,600,6068.115854
0.21505158,600,6069.738081
-0.58233494,600,6069.870544
-10.311785,252,6070.20787
-10.261478,19,6070.430267
-2.9965024,600,6072.969436
-12.051792,462,6073.444174
-9.989786,31,6073.575279
-3.2191825,600,6090.832715
-0.9746765,600,6112.168131
-1.230332,600,6114.062245
-2.7411194,600,6128.33838
2.195034,600,6138.674638
-3.5157623,600,6139.510992
3.2517383,600,6142.062156
0.794988,600,6142.563477
-2.1206431,600,6142.820451
-2.5083601,600,6145.36011
3.4802396,600,6145.828104
-1.8311325,600,6145.943635
0.9898898,600,6163.518751
0.84199315,600,6184.835305
-0.0014657899,600,6186.649951
2.6393502,600,6398.256807
2.1064904,600,6408.529105
0.22932659,600,6409.36205
0.28819126,600,6411.981817
-6.3549914,600,6412.435563
-0.7200623,600,6412.663396
0.46862817,600,6415.099841
2.6480088,600,6415.556771
1.1171216,600,6415.67255
-7.2369485,600,6433.140322
-5.5099483,600,6454.550242
12.9816475,355,6454.811741
-4.038355,600,6456.480751
-5.203295,600,6470.568578
11.631655,175,6475.853863
-5.4797077,600,6480.922439
-5.8968544,600,6481.74978
-1.0289271,600,6484.680727
1.7033838,600,6484.90416
0.77557844,600,6487.448695
-0.06856214,600,6487.952009
-1.3808738,600,6488.077953
-8.079339,352,6496.903155
-3.575355,600,6505.57324
-1.398805,600,6528.798057
-0.2793555,600,6542.904615
-0.1675239,600,6548.105203
-0.6868072,600,6553.166284
1.132035,600,6554.001933
2.411796,600,6557.072427
-0.90362895,600,6557.286337
-1.5539553,600,6559.767632
-0.62503856,600,6560.271963
0.16093382,600,6560.391537
-4.01691,600,6569.214704
-0.57916796,600,6577.875362
12.438348,333,6594.322177
-4.271426,600,6601.193068
-10.077498,584,6613.417912
-2.669711,600,6620.705181
-1.8523351,600,6625.744905
-15.372605,555,6627.497435
-1.5715905,600,6629.570538
-2.241166,600,6629.799203
2.0711408,600,6632.249827
0.041910894,600,6632.848912
-11.5849905,80,6636.980268
-5.085983,600,6641.693152
-0.5795749,600,6650.457124
-3.0263555,600,6666.476432
0.24769308,600,6673.274754
0.7477214,600,6685.314361
-1.8274947,600,6692.572628
0.67679536,600,6697.678657
-0.06391035,600,6701.493613
-0.5257211,600,6701.744723
-10.074301,515,6703.450234
-2.7763891,600,6704.311815
-0.92545813,600,6704.926872
-0.5722883,600,6709.180479
0.29409033,600,6722.430292
-0.8292999,600,6738.724329
14.477829,342,6743.10357
-0.71466815,600,6745.70138
3.4555948,600,6757.894304
2.7497165,600,6765.089701
0.78808737,600,6770.302109
-2.9561002,600,6774.183635
1.4885235,600,6776.039488
-4.254806,600,6776.788891
3.7701983,600,6777.372422
-0.39010215,600,6781.427108
-8.633545,498,6782.575024
-8.606164,198,6805.299644
1.7157904,600,6811.111317
0.080768,600,6815.469021
3.3750856,600,6817.876435
-2.0556545,600,6829.916487
-3.1822999,600,6837.041034
-4.140626,600,6842.230218
-0.53911614,600,6846.07306
1.0600585,600,6848.07981
0.73221403,600,6848.879623
0.49520814,600,6849.43342
-0.12521341,600,6854.668026
-9.398633,426,6856.496327
-7.6323447,281,6882.000191
-1.5626669,600,6883.270494
-2.0434813,600,6887.658818
-2.1979387,600,6890.252645
2.5107634,600,6902.166968
-1.0154,600,6909.273066
-0.16755961,600,6914.288364
-2.686488,600,6918.158028
1.5594642,600,6920.885874
-3.028729,600,6921.492944
1.066398,600,6926.597683
-1.8163074,600,6928.377441
0.21129051,600,6953.95804
-1.9024267,600,6955.235634
0.07293913,600,6959.653033
1.955535,600,6962.246373
-4.0162497,600,6974.612846
1.1863059,600,6981.889825
-0.7782904,600,6987.040183
-3.4793985,600,7177.307787
-1.340371,600,7179.884778
-2.6596756,600,7180.434263
-0.958438,600,7185.346147
1.4458804,600,7187.010675
0.05709531,600,7212.209873
-2.3067462,600,7213.554275
2.1134555,600,7217.850518
2.10578,600,7220.383501
2.5634265,600,7232.49554
0.7538162,600,7239.634481
-0.22405423,600,7244.729051
-0.29622898,600,7248.505516
2.4349132,600,7251.3322
0.6278416,600,7251.938758
0.57371914,600,7257.277498
0.50447595,600,7259.155757
1.633693,600,7284.879067
1.6967407,600,7286.193011
-8.574989,577,7287.832126
0.88038963,600,7293.281965
-9.812884,400,7300.365668
0.41165575,600,7305.595071
2.5681262,600,7312.82271
-0.6194002,600,7317.89577
-0.64697707,600,7321.762103
12.948507,140,7322.465588
0.49579406,600,7325.119809
-0.20402083,600,7330.34364
-4.205146,600,7332.148488
14.274261,381,7334.034534
-12.737785,198,7346.435277
0.021913966,600,7357.631409
-3.8743083,600,7358.898242
-2.6256456,600,7365.63191
-10.301605,375,7370.215946
-9.119586,422,7372.544822
-3.6389782,600,7372.650216
11.025502,28,7375.94226
-0.9312504,600,7385.015422
-2.8368537,600,7390.082256
-0.97263056,600,7402.275342
-1.0839181,600,7404.033977
-1.4056202,600,7405.949487
-4.948961,600,7418.233994
1.2452253,600,7429.457318
-2.9250698,600,7430.826164
2.7952812,600,7437.709455
-0.09919743,600,7442.342906
0.5904401,600,7444.819574
0.99427074,600,7448.132308
-2.478365,600,7457.495467
1.2249032,600,7462.639519
-2.07318,600,7475.016156
-2.588569,600,7476.795998
1.3323516,600,7478.716077
1.0292813,600,7491.004878
0.51968783,600,7502.165318
-3.2094092,600,7503.535496
-0.18190202,600,7510.468826
2.1944091,600,7515.041033
11.900566,115,7516.122902
0.7052299,600,7517.442732
1.8959978,600,7520.715935
-4.0619864,600,7530.157756
4.969237,600,7535.319411
14.749788,397,7539.428632
-3.2806652,600,7547.870326
-0.38228375,600,7549.613508
1.7323397,600,7551.580061
-3.4306242,600,7576.520128
0.7713345,600,7583.542971
-1.8240025,600,7588.204439
1.0583682,600,7589.298479
1.061469,600,7590.554728
-0.052243087,600,7593.731411
-9.702266,117,7602.279394
0.5776023,600,7603.060343
2.3857858,600,7608.225713
-1.4660524,600,7612.156823
0.7330352,600,7620.601271
-2.2671692,600,7622.440354
-1.755239,600,7624.326195
4.365351,600,7649.015922
2.4410763,600,7655.851482
1.2037723,600,7661.56538
-1.4318768,600,7662.830791
-0.20712695,600,7666.148371
0.6028868,600,7674.516077
0.6593583,600,7675.271931
0.89373744,600,7680.265477
-7.0362973,508,7681.598783
1.9330974,600,7684.243813
-2.4622018,600,7694.700015
-8.762804,334,7696.281496
-0.47069335,600,7696.642933
-11.23845,277,7699.610144
-10.684572,254,7712.47409
4.996268,600,7721.448403
-8.382068,239,7723.570073
3.1562672,600,7734.050665
4.6785126,600,7735.381941
1.4900229,600,7747.087777
-0.10801109,600,7747.828748
11.794396,227,7748.84182
-1.7431358,600,7752.924201
-6.8972263,600,7756.980945
-0.09078932,600,7768.699737
-2.9412873,600,7769.060025
1.0748146,600,7772.049773
1.6092577,600,7980.826863
2.7513473,600,7991.618095
-3.4156322,600,8002.161439
2.1993635,600,8003.499152
2.558311,600,8015.021641
-0.8354064,600,8015.732298
-2.6672595,600,8016.786539
-0.36019355,600,8020.915101
11.107711,62,8022.635119
-2.7225437,600,8024.940199
2.2280557,600,8036.709228
-0.66593635,600,8037.058391
0.5658505,600,8040.182112
4.877719,600,8053.090607
-0.27425525,600,8064.234019
0.3981903,600,8074.839879
-1.3136972,600,8076.221148
1.7057657,600,8088.845041
-3.120936,600,8089.93148
-1.4430298,600,8093.946359
0.3392536,600,8095.638818
-1.7698394,600,8097.996596
1.0163025,600,8109.746948
1.5679451,600,8110.107021
-0.3466077,600,8112.933257
14.2066765,226,8120.86932
13.42058,102,8125.111792
0.25876328,600,8125.601409
1.9696541,600,8136.580445
-3.012082,600,8146.957332
0.43413222,600,8148.226234
-2.6238847,600,8160.760274
1.0101569,600,8161.884668
-2.3535492,600,8167.401882
12.76335,600,8169.769294
-0.80846924,600,8181.607904
-4.1641164,600,8181.936367
-0.5957463,600,8193.148638
-4.705013,600,8197.33995
0.6214497,600,8197.86269
-2.0238173,600,8208.809321
-1.7395475,600,8219.194671
-0.36414006,600,8220.542376
10.785459,349,8223.57419
-11.132527,60,8226.47653
0.8755784,600,8233.077654
-1.3638039,600,8234.146269
-2.2668989,600,8239.887639
2.1708245,600,8242.105447
-4.4060745,600,8254.355592
-10.810104,564,8265.26105
-4.8056974,600,8265.376406
-2.9217231,600,8270.051155
5.9262443,600,8281.085929
-1.3156276,600,8292.710578
1.6363995,600,8295.804364
-3.0626411,600,8298.703004
-1.4442468,600,8305.263526
3.0019758,600,8306.304896
-0.5207615,600,8312.062607
-0.4420574,600,8314.290678
1.3538843,600,8326.486723
0.33590865,600,8337.531428
4.53825,600,8337.652354
-1.7647837,600,8342.249562
11.77348,287,8348.817691
1.2460965,600,8353.289785
-2.9246788,600,8365.199103
3.0768564,600,8368.219263
4.6073537,600,8371.072836
0.47891346,600,8377.494952
-0.2252365,600,8378.581244
0.9144597,600,8384.201521
-1.5912435,600,8398.602448
-9.84928,600,8409.519938
-0.265986,600,8409.657743
-2.792228,600,8414.29274
0.4942365,600,8420.7675
-2.036311,600,8425.241761
12.834674,578,8434.212551
-0.7114194,600,8439.753896
3.3125873,600,8442.625069
-11.879687,505,8444.401344
-9.629787,314,8446.745046
-7.4483895,600,8449.0507
-7.1885505,600,8450.125294
-9.384091,325,8463.825503
-7.775463,566,8466.038999
5.0411763,600,8480.878911
-10.56934,296,8481.956166
-2.5573328,600,8485.472224
-2.2402663,600,8491.912974
11.515281,269,8497.628866
-0.8352874,600,8505.305433
-0.64798003,600,8511.015771
-9.20149,526,8512.581121
-0.67071813,600,8513.862868
0.33799458,600,8515.603345
11.563706,40,8517.26418
3.2128575,600,8520.181819
-7.0574393,368,8529.151761
-3.7724771,600,8534.979222
-8.534901,150,8538.033618
-8.818271,355,8539.936278
-9.96233,17,8540.056617
-5.0175347,456,8546.21847
-3.6854887,600,8552.317596
2.526934,600,8553.412762
-13.716564,314,8566.777811
0.7416398,600,8771.435844
-8.167403,353,8776.629068
-1.779882,600,8776.842728
-2.6325676,600,8779.610461
-0.56987286,600,8781.369981
-0.27952677,600,8783.016044
-9.87129,217,8786.60992
-2.7137666,600,8800.946054
2.411164,600,8806.015803
-12.067221,250,8811.582002
-7.9970565,539,8812.163888
-1.0413555,600,8812.385891
-0.8464405,600,8818.396614
-6.452565,600,8843.329882
0.13944641,600,8848.829568
-3.408189,600,8849.074604
2.5843353,600,8851.998498
1.5752761,600,8855.50951
-1.7630363,600,8859.24754
1.7244691,600,8873.623321
-0.7255167,600,8878.666096
-1.8186523,600,8884.043365
-1.6014632,600,8884.660013
0.04414879,600,8884.906493
1.4932139,600,8890.95775
2.5877202,600,8916.113721
-0.12424508,600,8921.468699
1.0909059,600,8921.726133
2.96874,600,8924.749079
2.812999,600,8928.359091
2.0767782,600,8932.065421
-9.336693,121,8936.296454
-0.8839771,600,8946.307746
-2.6185715,600,8951.379276
-1.837812,600,8956.745666
-0.51998985,600,8957.366893
-1.7255353,600,8957.655459
-1.4282022,600,8963.717446
-11.843159,322,8971.140188
-11.20008,267,8978.851224
0.91422015,600,8988.986031
-9.257742,544,8990.638005
-1.7443063,600,8994.476738
-1.6353078,600,9000.774701
-1.1836792,600,9008.778693
-1.557167,600,9023.645919
-0.54208404,600,9029.136256
2.5353625,600,9029.743708
-3.9921227,600,9029.990805
-12.163547,568,9032.147482
-3.5645545,600,9043.039017
1.1482526,600,9050.655979
12.631202,158,9051.008271
0.64441425,600,9060.745261
0.08156266,600,9062.568988
3.1883068,600,9066.413649
-11.347055,318,9067.227215
-10.593978,368,9067.867143
-10.851746,316,9067.867213
-11.810009,559,9067.867234
-10.616877,320,9068.093642
-5.633864,499,9068.587616
-8.934319,153,9069.0595
-11.439147,68,9075.864299
-10.371104,156,9087.530202
-9.772516,260,9098.280153
-10.193828,98,9099.374638
5.4806557,600,9115.120838
-9.493856,350,9118.029279
3.00634,600,9123.095207
-1.8289764,600,9132.689488
-4.1988873,600,9134.454031
2.3809903,600,9138.235947
1.1626521,600,9139.633813
-2.5854607,600,9139.633875
3.8753927,600,9139.882551
0.96871567,600,9140.404533
-9.42136,401,9165.684068
-2.6606548,600,9169.938343
-1.995072,600,9170.999832
-8.261,286,9173.935398
1.3913691,600,9186.569088
-4.6713367,600,9194.512248
-5.762732,600,9204.205163
-1.55109,600,9206.028913
0.9552469,600,9209.854716
1.9812545,600,9211.341612
1.1447024,600,9211.341673
-0.13469623,600,9212.070425
-11.197465,225,9221.532565
-2.9041235,600,9237.541948
3.1076612,600,9241.832788
2.6664047,600,9242.93704
-4.191847,600,9245.834419
3.1436121,600,9258.601742
1.4868709,600,9276.137875
-3.8456178,600,9277.965522
-4.5072465,600,9281.932028
1.1364639,600,9283.392829
2.6286635,600,9283.392883
3.3126566,600,9284.122993
14.64654,390,9284.495401
-2.5150352,600,9293.724715
-9.676171,240,9312.266462
3.8484066,600,9314.124217
3.222454,600,9315.248053
-0.9764559,600,9318.045885
13.388981,341,9322.997098
0.26948267,600,9330.802761
-10.045545,280,9345.755256
-2.7257247,600,9348.326674
-7.8174934,600,9350.228998
2.1651273,600,9355.604235
2.5122588,600,9356.248647
-0.43863258,600,9356.599761
5.213554,600,9365.756998
0.715561,600,9583.125968
0.37891644,600,9584.180444
-1.9821609,600,9587.050929
-0.4503424,600,9591.889613
2.5055113,600,9599.756227
-0.18876824,600,9614.839633
5.5542703,600,9617.350699
0.5165255,600,9619.120907
4.1269937,600,9624.563264
2.3239226,600,9625.304219
1.4994658,600,9625.677104
-1.1342709,600,9634.842852
-7.7113485,305,9651.949313
3.159479,600,9655.54246
-1.4660329,600,9656.618049
-1.6882614,600,9659.597235
2.9751484,600,9664.569382
-0.59328437,600,9672.467226
-0.07964774,600,9690.167766
1.7242084,600,9692.020352
-9.643777,234,9692.87149
-9.497915,357,9695.151212
-2.0526292,600,9697.322403
-1.0516994,600,9698.08341
1.7317054,600,9698.462778
2.0419195,600,9707.728908
-8.232608,448,9713.910397
-7.7833805,287,9724.986879
-10.636949,597,9727.916824
-1.5456495,600,9729.347246
-11.034578,356,9735.030367
0.6353695,600,9744.85675
-7.421322,472,9755.069391
-10.64796,473,9755.526258
-7.4216814,192,9758.276087
-0.11634584,600,9765.280701
1.9926218,600,9767.524552
0.413011,600,9769.637141
-10.274124,386,9775.771689
-2.932828,600,9779.876977
12.4625025,104,9780.00075
2.0600884,600,9785.902594
-0.5420529,600,9796.998087
-0.69732034,600,9799.898867
-13.588566,470,9801.327208
-8.420246,292,9810.702662
-12.39299,487,9813.469909
-8.90617,27,9816.815585
15.45399,148,9819.215927
13.950941,165,9819.826826
1.5389477,600,9827.629521
3.726179,600,9830.326533
-0.1437915,600,9837.600179
1.0728893,600,9841.962863
2.663998,600,9852.263223
3.4832861,600,9852.403877
1.8969588,600,9858.460125
-5.1556044,600,9869.391119
-2.0946016,600,9883.053461
4.387806,600,9889.115088
-2.0041497,600,9891.527399
-1.0588243,600,9892.132768
-9.518683,59,9898.667711
4.518579,600,9899.897629
-1.8374993,600,9902.457355
3.9943209,600,9909.535069
-1.209402,600,9914.052538
1.9086334,600,9924.12762
-0.066257805,600,9924.26357
-0.40329558,600,9930.241508
1.0837374,600,9941.366182
-5.5300746,600,9955.194091
-0.32206354,600,9961.337458
1.4573574,600,9964.225354
2.0109296,600,9970.633668
-2.6075027,600,9971.956753
3.2060356,600,9974.630072
-0.38359922,600,9981.840246
-0.300907,600,9986.373084
11.7339325,98,9993.830466
-5.063636,600,9996.713313
4.6369443,600,9996.858275
2.345012,600,10002.787106
-10.943362,146,10003.912569
-1.2787507,600,10013.887094
-0.3988161,600,10027.750049
-8.467112,574,10030.608627
-1.0698905,600,10036.776285
-3.5419185,600,10043.244636
1.4105065,600,10044.494508
0.040138125,600,10047.083309
-6.359054,600,10066.040595
1.6669476,600,10068.962843
1.3955306,600,10069.068519
-0.71247244,600,10075.116059
0.052528474,600,10076.335945
3.1415896,600,10086.277909
-5.458816,600,10099.826528
0.08745762,600,10102.814508
-1.5227052,600,10109.038832
-1.9042976,600,10115.542635
-0.47497392,600,10116.918249
13.261211,364,10119.117361
4.8015428,600,10119.612352
-9.661518,137,10136.110721
-1.6422374,600,10138.574538
0.25524324,600,10141.398998
-3.9503107,600,10141.506772
-1.5737143,600,10148.777597
-0.36999536,600,10158.7223
-15.41943,380,10162.921518
-5.230587,600,10339.053481
2.8540764,600,10341.872781
-9.654352,24,10341.87285
2.1108675,600,10347.733674
2.1271157,600,10353.836826
0.9095257,600,10357.23399
-0.16211244,600,10373.963522
-3.977621,600,10376.293226
-3.6276028,600,10379.268988
-1.4384787,600,10379.386567
1.7352437,600,10386.594563
-0.5349682,600,10396.479744
1.2808487,600,10400.509873
-2.7004883,600,10413.056645
3.5469205,600,10413.056714
-8.161291,599,10419.123158
-0.58831745,600,10425.75235
-5.1920524,600,10429.289474
-0.25704455,600,10445.988457
-2.7079642,600,10448.425501
-3.549251,600,10451.270649
-1.8404491,600,10451.390203
3.4451404,600,10458.576624
-0.70890707,600,10468.277065
-1.4145972,600,10472.344229
-4.033792,600,10484.926741
-3.1381812,600,10484.926804
-2.5046463,600,10490.896044
0.68878675,600,10497.645743
0.36534473,600,10501.17171
11.386481,462,10506.898406
11.643935,534,10515.863059
0.4844489,600,10518.489427
-0.3003535,600,10520.953022
-0.9682607,600,10531.374478
-13.78647,543,10534.341263
-7.68902,357,10544.814508
0.80329365,600,10545.404115
-1.3827058,600,10558.275606
3.953814,600,10558.275671
-0.6447221,600,10564.315411
-2.2512274,600,10571.046021
-8.657307,109,10571.527218
-11.134377,476,10576.582537
-12.3049555,347,10576.698523
2.7148323,600,10580.285563
-0.063533,600,10588.854904
-0.7042657,600,10593.705753
-10.018798,600,10604.012164
-7.956193,281,10610.428808
0.21849996,600,10617.344801
-3.3691633,600,10617.968343
2.772201,600,10630.477064
1.5149965,600,10636.542046
0.5785622,600,10643.154692
5.029823,600,10643.625008
3.5215993,600,10648.683453
-0.4889935,600,10652.334652
-2.6560264,600,10661.029525
-11.145229,242,10665.610204
-1.8578568,600,10665.962415
14.072794,268,10675.760492
-0.59123755,600,10676.116213
-0.17574911,600,10682.502762
1.2501631,600,10689.382076
2.3047018,600,10690.00485
2.7205276,600,10702.402576
-10.8486,370,10710.277478
2.7434456,600,10715.242607
1.9559387,600,10720.7338
-3.4149787,600,10724.307732
2.9740064,600,10733.163245
-0.83976614,600,10737.767132
0.3795329,600,10747.845957
-2.0283263,600,10748.189481
1.0706115,600,10754.616257
0.34976283,600,10761.705712
3.6147034,600,10762.284412
0.83005023,600,10774.887929
2.0181203,600,10782.765658
-1.5000875,600,10787.575955
-2.9583173,600,10793.057131
-5.937378,505,10793.99863
2.9023952,600,10796.588942
-9.532171,443,10801.586072
-1.7266226,600,10809.936023
-1.6561085,600,10820.129446
3.4851274,600,10826.886493
-0.7283253,600,10833.941683
-2.1848836,600,10834.521943
-1.8352135,600,10847.256513
-3.575303,600,10855.048381
-1.6588438,600,10859.953653
-0.7645451,600,10865.627514
-0.029677399,600,10866.574024
1.535028,600,10869.298178
-4.6050005,600,10874.482554
-0.7869376,600,10882.786438
0.29335466,600,10893.252638
0.14168385,600,10900.00658
0.51335335,600,10907.051496
-3.0516775,600,10907.667277
-9.941196,390,10916.763886
-10.688879,572,10916.918027
0.17412527,600,10928.277674
-1.9111702,600,10933.097538
14.581163,595,10938.025489
-1.1661736,600,10939.644441
1.043774,600,11143.936845
-0.9028189,600,11152.14052
3.100551,600,11162.280493
0.005565505,600,11169.094351
-0.9118243,600,11175.935393
-5.20847,600,11176.558035
1.8930004,600,11185.627353
1.7863659,600,11185.768092
-8.212405,566,11192.902825
0.061710455,600,11201.990496
2.090834,600,11206.847289
0.737345,600,11208.502026
-2.2725532,600,11216.304445
-1.307231,600,11224.627012
-4.4572115,600,11234.904482
-0.7010676,600,11241.57774
-4.7543626,600,11248.551905
0.42488864,600,11249.179523
3.4100735,600,11258.053849
-1.1043823,600,11258.200509
2.4192557,600,11265.37108
-0.7727448,600,11274.234197
-0.33557343,600,11279.107062
2.0628033,600,11280.636166
-0.3458141,600,11288.303503
0.30754894,600,11296.73326
13.85666,466,11304.523112
0.12774234,600,11306.900043
5.406074,600,11313.555676
-2.871491,600,11321.109046
0.6037324,600,11330.190929
-2.1520956,600,11330.314295
0.07524459,600,11337.442935
3.5504863,600,11346.450289
-0.026926577,600,11351.495528
-3.3219168,600,11353.045402
1.6496295,600,11360.755618
2.6542146,600,11368.899987
1.6081833,600,11376.791102
-1.2577416,600,11379.278577
1.2887955,600,11386.115096
0.16977791,600,11393.785077
2.2223635,600,11402.707081
1.7854829,600,11402.824108
2.315826,600,11409.871585
1.2125885,600,11418.688203
-7.728601,560,11420.357143
0.9486207,600,11423.65174
-1.7980334,600,11432.94914
-1.3629552,600,11441.221381
-11.436415,153,11442.04792
-15.031076,552,11443.236156
-9.326592,37,11446.495893
-8.303597,221,11446.992614
-11.032303,51,11447.357608
-11.979272,448,11447.474219
0.016693175,600,11451.466965
1.0696855,600,11458.250055
-8.313787,496,11462.355752
15.050436,539,11467.438547
0.4290693,600,11481.952787
2.6250765,600,11490.716815
0.72102475,600,11504.701539
-0.7871804,600,11514.824564
1.9617163,600,11518.080756
1.1935049,600,11518.570622
0.3534051,600,11518.899436
-1.0330272,600,11519.005527
2.2225645,600,11522.868509
1.6163282,600,11529.339177
-8.606088,136,11530.756139
2.6797297,600,11533.422824
1.3874598,600,11538.472769
-0.43324053,600,11552.9444
-9.985738,6,11553.678027
11.568759,336,11558.834541
-0.2999753,600,11561.83934
-0.14747582,600,11575.905272
-1.4505582,600,11589.490726
-0.1034721,600,11590.011054
-0.16110678,600,11590.442357
2.081426,600,11594.518079
1.1216017,600,11601.098343
1.0258635,600,11602.534797
0.5540933,600,11605.310424
1.6029129,600,11610.445014
-1.372064,600,11625.713577
3.2089264,600,11630.858453
-1.4642712,600,11633.934952
-0.43909648,600,11648.311388
-12.949993,370,11650.155116
-10.866558,398,11650.685737
-11.656465,211,11656.514811
-2.7095094,600,11662.019013
2.1301343,600,11662.487364
0.1457481,600,11662.828217
2.542841,600,11666.902783
-1.5193206,600,11673.590524
-3.021631,600,11682.989662
-12.098992,513,11687.807749
-7.6034727,335,11688.795212
-11.843229,340,11691.227368
1.626369,600,11706.269523
-0.43670657,600,11722.854183
2.68457,600,11728.673792
-9.885691,54,11729.36236
0.8092011,600,11734.028571
-2.1763916,600,11734.531428
2.3633509,600,11734.888147
-1.9630547,600,11933.210657
-3.7357814,600,11939.761346
-9.550366,161,11948.081702
-11.064018,174,11948.839579
-0.13688971,600,11948.839637
1.3504853,600,11953.612099
1.8923272,600,11954.567053
-9.323696,224,11955.308706
1.3308029,600,11956.938388
-9.701485,95,11959.441429
-9.836793,157,11967.601621
-2.8957207,600,11972.260273
-5.0014353,600,11994.713385
0.89257044,600,11995.430278
0.2663052,600,12004.992998
-5.167184,600,12011.783867
0.32916924,600,12020.831569
-3.2703865,600,12025.666342
0.9229656,600,12026.664067
-2.512868,600,12027.417025
-2.259268,600,12029.042124
-2.2139208,600,12031.507066
3.0519526,600,12039.363354
-1.0396721,600,12043.97579
-2.8832211,600,12066.185051
1.8643209,600,12066.925807
1.30539,600,12076.37632
-6.1574645,600,12083.222433
-0.41000912,600,12092.318864
1.4216042,600,12097.137391
0.9635978,600,12098.091997
-3.0963836,600,12098.794715
1.0251365,600,12100.3963
0.38878387,600,12102.881577
0.468838,600,12110.965735
0.64902854,600,12115.551686
3.5341299,600,12137.679177
0.18511654,600,12138.399539
-6.242072,600,12147.970139
1.6571479,600,12154.641973
-0.96487105,600,12163.926908
2.2773173,600,12168.724561
-0.7887747,600,12169.707577
-2.0320683,600,12170.433299
2.127482,600,12172.107309
-1.0887009,600,12174.6892
-1.2558831,600,12182.919952
3.605357,600,12187.460439
-0.9262772,600,12210.107066
0.49220845,600,12210.840451
0.8035698,600,12220.387606
0.30004948,600,12227.119324
-9.413396,560,12236.385365
-0.55645454,600,12236.385442
-5.33409,556,12237.55624
-8.980736,95,12238.479495
-0.18861534,600,12242.04137
0.02347302,600,12244.442606
-6.6985054,600,12247.039655
-2.8581462,600,12255.312912
2.4335697,600,12259.82479
-11.01391,215,12270.376174
-1.5867027,600,12282.213303
-4.556008,600,12282.916101
-10.932312,438,12290.29142
-5.990928,458,12291.519098
0.1271409,600,12292.593178
-8.147219,500,12307.49086
2.0969038,600,12308.768749
-1.6886723,600,12310.95217
2.567953,600,12314.555468
-10.462297,225,12317.588174
-13.694527,533,12319.603696
-1.6479944,600,12332.150527
2.4240925,600,12342.750348
-0.36531618,600,12354.394372
-6.4695306,600,12355.147844
-0.044210956,600,12363.596696
-2.31644,600,12364.666483
6.5435686,600,12379.413712
0.14897472,600,12380.748896
0.5003899,600,12382.923872
2.9622319,600,12386.602355
-2.0800722,600,12389.646379
4.4210477,600,12391.701868
-10.392467,571,12401.034703
-12.11546,532,12406.854977
-9.986697,237,12408.201517
11.8582945,260,12412.315057
0.45157224,600,12427.220465
-2.9231648,600,12427.947207
-9.273009,404,12435.789947
1.0455143,600,12436.47455
1.158345,600,12437.496612
-1.437692,600,12455.951666
1.1260611,600,12462.530043
-2.5420628,600,12464.61377
3.485945,600,12473.835718
1.103132,600,12479.705402
1.3679895,600,12480.969954
-3.8440533,600,12485.048336
14.577062,487,12486.01499
-0.06971579,600,12500.262568
-0.2864789,600,12508.156163
0.8901787,600,12508.910745
5.127165,600,12509.964019
-10.134622,28,12513.194735
-0.9236475,600,12527.951377
0.4628817,600,12734.412915
14.28431,427,12736.083591
-3.678819,600,12736.43265
-10.034174,18,12738.152249
-10.04891,25,12739.311576
-4.1612325,600,12745.254495
1.2808151,600,12750.964411
2.0563798,600,12752.306454
1.1856086,600,12757.39297
-11.247653,492,12758.738943
2.714452,600,12779.454737
2.0846071,600,12780.208459
-2.238459,600,12784.814822
-0.028821453,600,12799.721466
1.048347,600,12806.352103
-1.3217715,600,12810.242007
-0.16895223,600,12811.435997
0.1569621,600,12817.750526
-11.560187,553,12819.374527
-1.2518982,600,12823.659715
-10.068348,55,12826.035763
0.71495146,600,12829.981068
-1.4036747,600,12831.308356
1.5345881,600,12851.95551
1.5666755,600,12852.630853
0.59930706,600,12857.045585
-9.516447,287,12865.667225
2.3292184,600,12871.853774
-11.911743,186,12874.275481
1.9353262,600,12878.508331
-2.3908849,600,12882.357872
2.4064226,600,12883.633426
-3.6638525,600,12889.759836
10.895926,311,12894.536669
-0.62671345,600,12895.55857
-1.4292067,600,12897.829799
-3.3791757,600,12901.983552
-10.050521,305,12902.321309
-5.5651045,600,12925.000274
-17.127356,600,12944.128126
-14.143707,600,12946.498915
-0.48095834,600,12950.749681
-1.9751123,600,12954.518105
3.1318197,600,12955.704734
-0.73195213,600,12961.744995
-7.326607,600,12966.417518
1.6087449,600,12967.491507
-1.126014,600,12969.754304
2.7367015,600,12973.777792
1.2308598,600,12974.162212
5.1346455,600,12996.327852
-10.26888,12,12997.754969
3.7976213,600,13015.179405
1.6661118,600,13017.614834
-8.285508,178,13018.899038
0.022619797,600,13021.904426
-9.251846,412,13022.704978
-12.102228,520,13023.447287
-9.983577,17,13024.768855
2.151803,600,13025.693746
-1.2965001,600,13026.840113
-10.763854,548,13032.521023
12.795885,133,13034.663094
-3.5911715,600,13037.565369
-9.892107,50,13040.622194
-4.800555,600,13040.983077
-8.342165,149,13041.091515
-1.3324734,600,13045.464308
-7.9911375,183,13048.720834
-11.363486,147,13055.20786
-8.554038,94,13059.871574
-11.948187,213,13066.571676
-9.080805,405,13070.115555
-9.303631,132,13070.927356
-10.072423,58,13073.552659
-8.696845,332,13080.803528
3.9462626,600,13087.107328
-1.0159551,600,13089.535993
1.0278933,600,13096.58144
2.6529312,600,13097.566359
0.80784583,600,13104.462298
-12.432451,190,13109.932782
-0.050884195,600,13112.699002
-3.5781052,600,13117.665969
-12.071021,569,13128.53161
-0.410636,600,13142.666571
0.5141252,600,13143.503019
2.383004,600,13145.968889
0.517665,600,13153.266517
-4.695782,600,13162.058789
1.3761905,600,13169.295329
-0.84587246,600,13170.293971
-0.54780996,600,13177.418823
2.32799,600,13182.786566
-0.620278,600,13185.657507
2.6392715,600,13190.55999
3.032365,600,13201.258446
-1.5063084,600,13215.416086
-0.4028594,600,13216.261487
2.5865958,600,13218.838278
-11.738001,395,13225.095207
0.34854513,600,13226.099404
-0.12950598,600,13234.835746
-9.271366,98,13238.038574
-1.0836672,600,13241.972985
1.0788263,600,13242.986747
0.86490244,600,13255.370887
-0.47256553,600,13258.153785
0.40740433,600,13262.938905
0.3231632,600,13273.712552
-10.433897,480,13283.128851
-3.841918,600,13287.969305
-8.007291,597,13288.43743
5.0775247,600,13291.373293
-10.488547,65,13296.31386
0.14455828,600,13307.143214
-0.21718244,600,13310.295127
0.52997875,600,13314.241732
1.9484419,600,13315.221326
1.0569731,600,13327.794503
-0.904397,600,13330.627197
3.5547025,600,13533.802383
-0.32487196,600,13544.400289
0.45136532,600,13553.631458
2.348967,600,13558.49202
1.2280042,600,13561.85037
-1.906711,600,13566.842907
-9.394572,519,13575.302059
0.4844271,600,13578.035776
1.0253099,600,13581.08255
-0.24931827,600,13586.095936
-9.876923,229,13589.746642
-1.4909977,600,13598.464683
1.1519836,600,13601.311336
-10.976825,194,13604.636428
-0.08519051,600,13606.214875
1.9977877,600,13617.230855
-2.2042732,600,13626.286284
0.7327249,600,13631.163142
-11.0086355,391,13637.009275
-10.231506,502,13638.718178
-1.6231779,600,13639.542811
-3.9074552,600,13647.977517
-1.2258081,600,13658.680207
-10.028103,255,13661.944679
2.4177186,600,13670.994265
-0.9320276,600,13673.745724
-10.143231,103,13674.370011
1.6272982,600,13676.967591
0.5505435,600,13678.52194
-10.59743,346,13680.3391
-10.0882015,12,13681.725725
0.23951986,600,13689.0521
-9.371753,21,13691.627358
3.5776749,600,13698.521292
-9.477158,64,13699.53829
-8.755608,524,13699.965498
2.115692,600,13711.395506
0.92280805,600,13719.649836
1.8263111,600,13730.462736
-0.62606275,600,13742.885208
1.0736687,600,13745.645529
0.76858103,600,13746.231285
-1.7696064,600,13748.918315
-0.17619586,600,13750.469424
0.63822645,600,13753.694411
-1.0678805,600,13770.761418
-2.0332441,600,13771.711668
2.9688897,600,13772.193738
-1.1721635,600,13783.950541
-2.3780344,600,13792.195563
-2.3638937,600,13802.929327
-0.3519082,600,13815.382941
1.1143826,600,13818.123923
0.067285754,600,13818.716596
0.024082102,600,13821.484632
-4.1357675,600,13823.054349
0.27482262,600,13826.268475
0.17299944,600,13843.036696
-2.4398477,600,13844.058547
-1.2563176,600,13844.528619
3.7152689,600,13856.104467
-1.5596701,600,13864.565083
-1.557714,600,13875.203172
-2.0519688,600,13887.437441
-1.4557422,600,13890.198087
-3.4448433,600,13890.814508
-0.8101109,600,13893.606997
-1.3988131,600,13895.161575
0.15831296,600,13898.469379
-0.9706678,600,13915.117546
-0.38522354,600,13916.106097
1.1742787,600,13916.610879
2.1783376,600,13928.259455
-0.53639936,600,13936.477641
1.2161909,600,13947.160007
1.7909222,600,13959.569603
-1.7529511,600,13962.326862
-1.3350602,600,13962.932174
-0.99302167,600,13965.616041
-0.37340525,600,13967.15623
-0.14408645,600,13970.468036
-2.012495,600,13987.463181
-1.9677807,600,13988.448209
-6.083056,600,13988.939391
0.432856,600,14000.552384
1.8650309,600,14009.116894
4.886815,600,14019.965782
15.034079,564,14030.951568
0.37181163,600,14032.48442
-2.8041987,600,14035.863196
-2.5607488,600,14038.515972
-1.5260082,600,14040.082494
-2.6678092,600,14043.368878
3.5041518,600,14060.324336
3.3284597,600,14061.324814
-2.72494,600,14061.836067
-11.386368,336,14071.623392
4.1940994,600,14073.587914
-1.0262904,600,14081.961271
3.2881463,600,14092.684651
3.910013,600,14105.363497
-8.003665,600,14108.810604
0.9154329,600,14111.52046
4.507287,600,14113.086482
0.7665855,600,14116.393249
-11.0414915,416,14124.309787
-3.8236537,600,14133.332205
-1.2615291,600,14134.354414
-0.27179164,600,14134.846408
-7.887355,154,14338.968216
-5.6545963,600,14340.594198
-9.966738,4,14341.071868
-9.671658,110,14343.913113
-7.1899176,600,14350.334829
-1.8097194,600,14360.97676
-3.5118744,600,14373.289958
-2.552929,600,14376.726928
-8.887014,600,14379.456689
-6.9720025,600,14381.024184
0.5710077,600,14384.292329
2.3601635,600,14401.08831
0.3181711,600,14402.016812
5.4362903,600,14410.61212
-7.8951764,600,14412.797938
-0.7870244,600,14415.953519
-3.5780547,600,14422.853662
-0.30266428,600,14433.541531
-0.73653394,600,14445.686
-1.8426927,600,14448.961546
4.3485007,600,14451.585004
-1.164051,600,14453.215065
-3.0514078,600,14456.438195
-0.22073002,600,14473.392526
2.6244588,600,14474.325818
1.6573107,600,14482.936958
-0.90661615,600,14485.043312
0.041260004,600,14488.011911
1.2760736,600,14494.889135
-2.1992147,600,14505.738783
-1.75904,600,14518.094929
2.953446,600,14521.533044
2.3524425,600,14524.198511
-1.1973989,600,14525.75199
2.1517408,600,14528.972562
2.1246662,600,14545.902512
-2.5534784e-05,600,14546.861823
2.5254903,600,14555.596021
-1.5434659,600,14557.829973
-6.144396,600,14560.868857
-2.021386,600,14567.792384
-6.4889107,429,14576.433548
-0.15789542,600,14578.612826
-1.7221607,600,14591.23699
0.845841,600,14594.656017
2.2889001,600,14599.025866
0.232285,600,14602.36477
1.8416181,600,14619.467248
-0.2836974,600,14620.391917
-10.321041,32,14624.259507
2.1472976,600,14628.940103
1.2513481,600,14631.123144
-0.63297254,600,14634.123531
-2.006831,600,14640.873337
-6.742471,600,14649.356822
-0.13627003,600,14651.541104
-2.3760948,600,14663.997663
-1.1412677,600,14667.437446
-4.1572485,600,14671.803391
-1.1635885,600,14674.972416
-9.054665,95,14683.156514
-0.92348605,600,14691.798289
13.193711,177,14696.245056
3.180532,600,14696.648091
3.2641103,600,14701.348886
4.237674,600,14703.57031
-0.6082319,600,14706.501664
0.572154,600,14713.305487
0.7456954,600,14722.042989
-0.21644458,600,14724.240239
-8.637037,434,14735.596811
2.5515056,600,14736.533505
11.145384,26,14739.606283
1.7832776,600,14739.843037
-9.597348,78,14744.893318
-9.693729,45,14745.023224
-5.7738075,600,14763.993448
-3.5547817,600,14768.521392
-0.24226299,600,14768.883985
-10.006546,27,14772.200021
3.226029,600,14773.649653
2.3743162,600,14775.843208
4.956917,600,14778.941637
-9.403775,78,14781.80289
2.1108582,600,14785.713634
2.5248082,600,14794.33067
-0.8765066,600,14796.461072
-12.299465,488,14803.851696
-5.605136,292,14809.007669
0.06660634,600,14812.381742
0.34322685,600,14817.531594
-1.7912451,600,14836.791152
-7.7874446,600,14841.294944
-8.340333,600,14848.511615
-3.8758583,600,14851.46254
3.5450623,600,14854.204956
4.3524947,600,14858.194003
-1.0673141,600,14866.56667
0.575194,600,14868.755251
-2.8647206,600,14876.239511
-0.17361532,600,14881.45267
-4.53804,600,14884.738112
-6.436356,600,14889.838932
10.83092,399,14896.362164
3.4783766,600,14908.81249
-1.8210628,600,14913.242712
-2.2024558,600,14923.194469
-0.4505799,600,14925.864724
3.4872894,600,14929.818055
-0.38861844,600,15135.304244
-1.6928399,600,15137.421141
-1.9351563,600,15144.688434
-0.7416376,600,15149.788071
-0.014819398,600,15153.049013
0.36615938,600,15158.170687
0.12685332,600,15164.757646
-1.6527411,600,15176.989942
-0.016635139,600,15181.478067
1.3039343,600,15191.610926
-4.89835,600,15194.360146
1.9756021,600,15198.408128
0.03944204,600,15207.054787
0.46941188,600,15209.299787
-1.3672187,600,15216.75431
1.794826,600,15221.960083
2.3017895,600,15225.270864
3.0341356,600,15230.587446
0.55276483,600,15237.180241
1.0800006,600,15249.559639
-5.778219,600,15253.963478
-1.3586031,600,15264.117445
0.283193,600,15266.986374
-3.1696656,600,15271.03927
2.3728962,600,15279.560469
-2.7082317,600,15281.712307
-2.0302434,600,15289.074265
-8.545521,93,15290.752303
0.72373384,600,15294.225642
-0.3078764,600,15297.451185
1.312817,600,15302.560226
-0.050025903,600,15309.231518
-8.034952,242,15318.174325
-9.2828455,76,15318.409322
3.617197,600,15321.891555
-3.8734767,600,15326.43157
-9.500648,523,15327.432577
0.43512568,600,15339.647452
-0.3529039,600,15343.636456
1.6390076,600,15354.443668
-1.6714518,600,15363.313457
-3.0201466,600,15366.798974
-1.6213423,600,15370.106587
-10.057608,9,15371.207978
-1.0013916,600,15375.324304
2.0815215,600,15390.822239
3.1617053,600,15391.067271
-0.42773795,600,15394.33639
0.6725829,600,15398.867981
3.4118485,600,15399.792873
2.4243848,600,15411.956505
1.3991587,600,15416.095707
-0.09047124,600,15426.784802
-0.9003486,600,15435.855329
-0.18716708,600,15439.26141
-8.5953045,341,15441.02531
-11.409758,405,15443.269512
2.2954004,600,15443.525223
-1.4476876,600,15447.55192
11.73022,344,15457.301644
1.1880835,600,15463.034114
-1.8326944,600,15463.290162
-1.8124243,600,15471.293936
-8.038255,241,15472.581459
-1.573012,600,15484.184798
3.7004297,600,15498.972747
-9.722167,9,15499.989801
1.0981,600,15507.809744
1.4406726,600,15511.351484
-2.760533,600,15513.181565
-11.328356,415,15513.304195
0.19580248,600,15515.545894
2.4248986,600,15519.835704
11.491946,105,15525.957479
3.459127,600,15529.637651
-0.3401459,600,15535.384068
-0.40367335,600,15543.625493
-2.166859,600,15544.958121
11.155098,208,15554.781266
-8.632011,100,15555.597723
-1.3796037,600,15556.561067
-9.453599,68,15563.758605
10.868995,132,15570.698239
-1.9240603,600,15572.383884
0.932108,600,15580.287959
-1.3741105,600,15583.819485
-0.13759471,600,15585.645241
-9.781342,188,15586.501546
-2.6278515,600,15587.921949
-0.4039306,600,15592.27957
-9.773189,76,15593.022153
4.123556,600,15598.479427
-0.70715165,600,15607.753572
-1.1263691,600,15617.106252
-3.7164683,600,15628.773839
-5.2140574,600,15643.200934
2.0504951,600,15644.901045
-0.44149628,600,15652.849705
-2.6471431,600,15658.236655
-1.0099247,600,15659.04878
-1.1825912,600,15660.558992
-1.5104148,600,15664.851594
-0.89868784,600,15665.53181
-1.2979326,600,15670.85205
5.0420475,600,15679.959102
3.299427,600,15689.376511
3.176212,600,15700.878256
-10.342199,279,15713.087908
-1.27261,600,15714.698351
0.81310946,600,15716.43284
11.8667555,65,15722.400126
-0.6429979,600,15724.266881
2.932475,600,15729.553532
13.975553,497,15729.932438
1.0048636,600,15730.429335
1.8139858,600,15731.813787
1.5420399,600,15931.899253
1.3480688,600,15932.599061
-9.66076,291,15954.805872
-5.1972585,600,15956.657804
0.8890332,600,15968.451841
3.3021948,600,15980.899007
-2.2273793,600,15984.274963
-0.5934475,600,15990.50114
3.1584737,600,15997.629145
0.5051593,600,15998.026941
1.4665003,600,15998.452621
1.4781395,600,15999.969992
0.2930525,600,16004.296403
-0.5835778,600,16005.04628
-0.6659552,600,16027.370559
-5.731572,318,16028.833831
1.3991301,600,16029.222512
3.1873345,600,16040.909076
1.8779094,600,16053.427867
-1.9898801,600,16056.5821
0.70039016,600,16069.982115
-1.493331,600,16070.311169
-2.6252449,600,16070.769679
-3.0110915,600,16072.137347
2.6558962,600,16076.469136
1.6176894,600,16077.180642
2.9803,600,16099.576702
4.568374,600,16101.107336
2.471757,600,16101.45271
12.299847,99,16111.677986
-0.42015323,600,16113.216632
16.098343,567,16121.756693
0.5998764,600,16129.005785
-1.3420612,600,16142.289331
3.1961417,600,16142.641573
-0.75272256,600,16143.147574
-4.322298,600,16144.688959
1.8633382,600,16148.938431
1.2016852,600,16149.64673
-0.23194765,600,16173.714323
1.0581514,600,16174.099077
-2.3349092,600,16184.284959
-5.3350587,600,16185.871492
-5.7663198,600,16194.427773
-9.204269,468,16201.274428
1.8458954,600,16201.680373
-10.653048,314,16212.156573
1.4315418,600,16215.124715
-3.0734262,600,16215.516268
4.0394387,600,16215.983665
11.0015,263,16216.205848
2.5758562,600,16221.856146
3.5116813,600,16222.564873
13.0586405,208,16240.424248
-1.4607373,600,16246.20917
11.309143,545,16251.666879
-1.2759814,600,16266.910253
-1.436467,600,16273.762464
1.3670954,600,16274.098692
-4.531431,600,16284.305221
3.7845216,600,16287.141286
-9.482234,298,16287.410137
-3.6945176,600,16288.006229
-1.8063785,600,16288.27393
2.7964282,600,16293.847544
2.970175,600,16294.582524
0.5882078,600,16312.684829
-1.0063189,600,16318.50894
-0.7148304,600,16339.463217
-2.096644,600,16346.340317
-0.23231372,600,16346.692893
0.12375518,600,16356.986271
0.9663982,600,16359.934799
-2.0661237,600,16360.173307
-2.3553233,600,16360.821623
-1.8192035,600,16361.062793
-1.2908959,600,16366.595314
1.7269107,600,16367.353686
-9.132985,283,16380.609289
-14.339618,571,16382.048483
-0.3602612,600,16391.265316
4.2570915,600,16411.942901
3.5146577,600,16419.139419
-10.25311,85,16422.219676
1.0319575,600,16429.55491
2.2118952,600,16432.448279
0.39188892,600,16432.666844
