#{"t_start": 1768871997.2884946, "env_id": "None"}
r,l,t
-1104.0,105,10.196403
-600.0,600,32.726761
-600.0,600,32.726818
-600.0,600,32.726828
-600.0,600,32.726836
-600.0,600,32.726843
-600.0,600,32.72685
-600.0,600,32.72686
-600.0,600,83.680935
-1250.0,251,158.6287
-600.0,600,340.701905
-600.0,600,340.701969
-600.0,600,340.701982
-600.0,600,340.701992
-600.0,600,340.702001
-600.0,600,340.70201
-1080.0,81,383.257907
-600.0,600,396.278368
-1060.0,61,428.539436
-1534.0,535,439.127204
-1261.0,262,567.329541
-600.0,600,659.153657
-600.0,600,659.153724
-600.0,600,659.153737
-600.0,600,659.153747
-600.0,600,659.153756
-600.0,600,702.233889
-181.0,182,756.029638
-600.0,600,758.195103
-311.0,312,824.332376
-134.0,135,826.898979
-600.0,600,885.811054
-600.0,600,977.49197
-600.0,600,977.492051
-600.0,600,977.492063
-600.0,600,1020.890711
-1522.0,523,1035.89098
-600.0,600,1143.374402
-600.0,600,1146.03518
-335.0,336,1198.932495
-600.0,600,1204.795362
-131.0,132,1213.333744
-600.0,600,1296.516801
-600.0,600,1296.51687
-600.0,600,1296.516889
-600.0,600,1354.652148
-478.0,479,1459.615019
-600.0,600,1464.969362
-526.0,527,1479.434329
-600.0,600,1532.493433
-459.0,460,1541.00429
-600.0,600,1615.356801
-600.0,600,1615.356862
-1546.0,547,1644.853141
-1012.0,13,1651.747822
-600.0,600,1778.183643
-1565.0,566,1779.743636
-600.0,600,1783.469053
-600.0,600,1850.622956
-1003.0,4,1852.697351
-600.0,600,1858.935862
-600.0,600,1933.401161
-600.0,600,1933.401225
-600.0,600,1970.640979
-600.0,600,2097.176054
-600.0,600,2098.705236
-600.0,600,2102.436591
-600.0,600,2172.172603
-600.0,600,2178.350032
-418.0,419,2193.119964
-600.0,600,2253.434402
-600.0,600,2253.434464
-600.0,600,2610.196839
-600.0,600,2611.74401
-600.0,600,2615.274279
-600.0,600,2684.39888
-600.0,600,2691.179792
-600.0,600,2705.981121
-600.0,600,2765.280313
-600.0,600,2765.28038
-442.0,443,2847.071376
-1332.0,333,2882.942046
-1423.0,424,2910.416427
-600.0,600,2929.013875
-600.0,600,2934.298153
-412.0,413,2984.751127
-600.0,600,3009.942765
-600.0,600,3084.01633
-1230.0,231,3132.287621
-600.0,600,3165.03348
-1040.0,41,3186.549832
-600.0,600,3200.850742
-600.0,600,3227.884268
-600.0,600,3246.938024
-600.0,600,3252.141257
-1041.0,42,3269.399497
-600.0,600,3302.838832
-1333.0,334,3362.760785
-1542.0,543,3370.367544
-1302.0,303,3387.142775
-600.0,600,3447.321636
-600.0,600,3515.661063
-600.0,600,3565.738889
-600.0,600,3582.519715
-1441.0,442,3593.497753
-600.0,600,3615.470227
-600.0,600,3683.496246
-600.0,600,3700.323949
-1113.0,114,3759.343478
-600.0,600,3760.386761
-1158.0,159,3766.098535
-600.0,600,3827.552031
-1184.0,185,3854.788145
-1194.0,195,3866.576962
-600.0,600,3876.8108
-1232.0,233,3880.271297
-600.0,600,3893.507794
-600.0,600,3904.221355
-600.0,600,3926.061933
-1293.0,294,4018.556015
-600.0,600,4138.152813
-1538.0,539,4159.691706
-600.0,600,4165.383449
-600.0,600,4188.025558
-600.0,600,4204.603769
-600.0,600,4215.435992
-1129.0,130,4227.48131
-600.0,600,4237.709576
-600.0,600,4329.884886
-443.0,444,4418.052784
-1377.0,378,4423.182049
-1438.0,439,4442.553195
-600.0,600,4448.787308
-600.0,600,4475.97318
-600.0,600,4514.670322
-600.0,600,4547.850952
-99.0,100,4599.39616
-600.0,600,4639.929922
-1041.0,42,4662.029784
-287.0,288,4664.046588
-600.0,600,4728.270039
-600.0,600,4733.437955
-600.0,600,4753.126328
-52.0,53,4755.763993
-600.0,600,4759.276204
-600.0,600,4786.929079
-123.0,124,4817.65254
-1405.0,406,4874.842838
-191.0,192,4886.785856
-1258.0,259,4894.110431
-600.0,600,4911.323906
-600.0,600,4973.820506
-600.0,600,5046.314035
-600.0,600,5069.242049
-600.0,600,5131.018785
-269.0,270,5379.174459
-600.0,600,5380.189985
-600.0,600,5392.027106
-600.0,600,5399.278409
-600.0,600,5416.471281
-190.0,191,5422.388836
-1570.0,571,5464.512609
-1097.0,98,5468.182609
-1263.0,264,5518.738894
-600.0,600,5575.242738
-318.0,319,5632.83594
-1234.0,235,5642.938721
-132.0,133,5645.533236
-600.0,600,5694.717807
-600.0,600,5708.090198
-600.0,600,5715.366956
-600.0,600,5738.377132
-600.0,600,5783.91393
-101.0,102,5791.859119
-343.0,344,5823.478258
-417.0,418,5852.592624
-524.0,525,5921.373785
-296.0,297,5948.313034
-1332.0,333,5998.844347
-164.0,165,6008.282035
-600.0,600,6010.434237
-452.0,453,6022.519067
-600.0,600,6023.612672
-600.0,600,6030.937473
-600.0,600,6168.967781
-484.0,485,6263.907206
-600.0,600,6264.444913
-453.0,454,6270.202047
-520.0,521,6285.130025
-564.0,565,6296.52442
-1139.0,140,6337.901375
-600.0,600,6338.438042
-600.0,600,6339.511517
-1003.0,4,6340.55145
-205.0,206,6446.244217
-600.0,600,6483.908613
-428.0,429,6565.018684
-600.0,600,6579.280891
-600.0,600,6585.850845
-600.0,600,6600.8378
-600.0,600,6612.290972
-600.0,600,6656.6164
-235.0,236,6702.729747
-600.0,600,6761.289599
-600.0,600,6798.712195
-516.0,517,6870.165115
-600.0,600,6878.378335
-1030.0,31,6886.149111
-600.0,600,6898.48118
-600.0,600,6925.014494
-600.0,600,6968.814068
-1389.0,390,7001.671528
-600.0,600,7015.75456
-600.0,600,7074.000315
-159.0,160,7100.319545
-424.0,425,7101.408385
-401.0,402,7135.953912
-104.0,105,7191.113885
-600.0,600,7200.952723
-600.0,600,7213.415581
-1069.0,70,7250.292701
-294.0,295,7254.976407
-1150.0,151,7280.036295
-600.0,600,7283.665495
-600.0,600,7316.542515
-514.0,515,7344.753293
-485.0,486,7356.430683
-97.0,98,7368.420007
-1086.0,87,7390.435586
-1398.0,399,7400.177359
-1059.0,60,7421.410363
-342.0,343,7434.203299
-447.0,448,7513.372021
-600.0,600,7562.861333
-573.0,574,7582.696449
-1357.0,358,7585.786112
-77.0,78,7626.299829
-600.0,600,7668.340381
-600.0,600,7680.421415
-600.0,600,7733.586122
-600.0,600,7746.983292
-378.0,379,7780.672859
-600.0,600,7827.059837
-600.0,600,7877.002704
-600.0,600,7941.132446
-600.0,600,8178.161564
-600.0,600,8189.487836
-1016.0,17,8198.100154
-600.0,600,8241.814949
-600.0,600,8254.525848
-1131.0,132,8266.202853
-1009.0,10,8271.422099
-600.0,600,8288.799791
-1297.0,298,8290.385191
-1515.0,516,8290.930729
-600.0,600,8384.716271
-600.0,600,8490.235492
-600.0,600,8556.626629
-600.0,600,8569.801373
-172.0,173,8581.708264
-600.0,600,8586.440696
-600.0,600,8603.750214
-600.0,600,8605.354975
-600.0,600,8605.859388
-1100.0,101,8622.506923
-1063.0,64,8639.035722
-600.0,600,8699.301125
-272.0,273,8765.817936
-600.0,600,8871.117781
-600.0,600,8896.501232
-600.0,600,8901.153857
-600.0,600,8918.406722
-600.0,600,8919.987824
-600.0,600,8954.155117
-117.0,118,8958.283021
-82.0,83,8963.539096
-137.0,138,8990.847747
-600.0,600,9014.576694
-290.0,291,9053.885641
-600.0,600,9080.67103
-1438.0,439,9101.520183
-1380.0,381,9158.15221
-600.0,600,9269.397344
-1007.0,8,9273.616948
-600.0,600,9278.905561
-1056.0,57,9303.395683
-600.0,600,9305.903395
-1058.0,59,9309.509303
-1499.0,500,9316.342018
-600.0,600,9329.784321
-600.0,600,9395.773749
-600.0,600,9416.749102
-1218.0,219,9431.421188
-600.0,600,9473.470345
-1102.0,103,9485.901286
-600.0,600,9619.193089
-600.0,600,9621.838115
-600.0,600,9625.486333
-600.0,600,9645.059284
-600.0,600,9710.708602
-600.0,600,9731.886885
-600.0,600,9787.864925
-600.0,600,9799.912515
-331.0,332,9818.057423
-383.0,384,9821.946373
-1059.0,60,9831.181368
-164.0,165,9917.057192
-600.0,600,9931.65132
-600.0,600,9937.859432
-1384.0,385,10018.803066
-600.0,600,10023.537592
-600.0,600,10044.55901
-600.0,600,10101.261666
-158.0,159,10102.306305
-123.0,124,10109.713401
-31.0,32,10118.153738
-600.0,600,10135.412709
-81.0,82,10178.47399
-600.0,600,10232.636182
-600.0,600,10247.336113
-600.0,600,10253.682368
-208.0,209,10289.512233
-78.0,79,10295.278875
-600.0,600,10339.541767
-243.0,244,10360.710786
-1571.0,572,10411.091639
-600.0,600,10418.356456
-600.0,600,10434.215859
-406.0,407,10508.654201
-600.0,600,10562.207612
-600.0,600,10604.485959
-600.0,600,10655.334767
-600.0,600,10676.312123
-600.0,600,10727.309154
-600.0,600,10734.555296
-600.0,600,10750.500676
-600.0,600,10978.577527
-600.0,600,11031.55348
-600.0,600,11073.197253
-600.0,600,11123.428379
-600.0,600,11144.256415
-1340.0,341,11156.355538
-600.0,600,11194.642327
-600.0,600,11201.784744
-600.0,600,11217.424274
-353.0,354,11308.543386
-293.0,294,11310.075942
-1003.0,4,11312.173936
-1572.0,573,11330.944931
-350.0,351,11377.989704
-600.0,600,11386.659262
-100.0,101,11430.889525
-252.0,253,11440.814808
-480.0,481,11453.435254
-600.0,600,11458.183062
-148.0,149,11509.726302
-120.0,121,11517.538553
-600.0,600,11532.190451
-98.0,99,11561.517847
-121.0,122,11596.409771
-93.0,94,11610.945598
-600.0,600,11627.412198
-600.0,600,11646.127747
-600.0,600,11702.25259
-217.0,218,11725.098633
-61.0,62,11734.393673
-600.0,600,11755.695685
-231.0,232,11767.014698
-600.0,600,11772.756615
-91.0,92,11772.756675
-496.0,497,11777.426998
-1077.0,78,11807.685398
-108.0,109,11829.483054
-213.0,214,11845.91068
-62.0,63,11879.003415
-237.0,238,11897.152148
-600.0,600,11909.49693
-1204.0,205,11914.715954
-94.0,95,11928.305339
-600.0,600,11940.17257
-105.0,106,11952.36688
-94.0,95,11958.978599
-82.0,83,11971.605903
-63.0,64,11992.195236
-1197.0,198,12017.466812
-59.0,60,12048.987843
-600.0,600,12068.46742
-600.0,600,12090.399134
-42.0,43,12090.930938
-270.0,271,12133.613034
-362.0,363,12141.315171
-600.0,600,12142.37021
-100.0,101,12142.880938
-105.0,106,12146.001955
-42.0,43,12155.9667
-59.0,60,12177.542583
-1103.0,104,12232.067625
-1168.0,169,12244.675957
-1204.0,205,12249.909275
-600.0,600,12253.630813
-221.0,222,12259.317881
-26.0,27,12267.797326
-600.0,600,12284.868274
-100.0,101,12297.418671
-46.0,47,12321.812423
-111.0,112,12343.213043
-586.0,587,12355.775504
-1258.0,259,12367.526803
-46.0,47,12368.074866
-39.0,40,12388.691246
-111.0,112,12414.730738
-125.0,126,12434.016665
-1560.0,561,12435.06557
-1326.0,327,12438.733326
-116.0,117,12449.5367
-29.0,30,12454.167264
-73.0,74,12472.216548
-181.0,182,12529.424883
-193.0,194,12554.902787
-455.0,456,12559.622898
-600.0,600,12562.744646
-600.0,600,12572.141995
-321.0,322,12581.964049
-61.0,62,12587.165613
-91.0,92,12610.686059
-313.0,314,12612.808929
-97.0,98,12638.155408
-49.0,50,12664.018613
-120.0,121,12675.462118
-1093.0,94,12713.01592
-73.0,74,12751.230582
-285.0,286,12759.310998
-600.0,600,12783.857989
-38.0,39,12804.066532
-127.0,128,12825.60764
-600.0,600,12841.097493
-600.0,600,12871.221379
-600.0,600,12883.829155
-600.0,600,12893.769993
-161.0,162,12910.188098
-74.0,75,12910.732619
-111.0,112,12968.654448
-600.0,600,12987.80648
-386.0,387,13005.933134
-489.0,490,13006.474415
-24.0,25,13018.967412
-1037.0,38,13038.870806
-252.0,253,13042.569389
-48.0,49,13064.406982
-1252.0,253,13100.726773
-121.0,122,13128.345783
-569.0,570,13138.515891
-342.0,343,13166.754488
-85.0,86,13173.004862
-584.0,585,13189.218322
-600.0,600,13206.889788
-398.0,399,13214.702581
-120.0,121,13235.9957
-139.0,140,13239.61573
-41.0,42,13261.510028
-249.0,250,13319.136006
-167.0,168,13323.243482
-138.0,139,13333.601156
-461.0,462,13340.964291
-393.0,394,13343.473864
-600.0,600,13354.934332
-71.0,72,13360.642767
-58.0,59,13364.32531
-91.0,92,13408.786182
-109.0,110,13421.837565
-195.0,196,13445.40422
-67.0,68,13456.590469
-110.0,111,13465.97607
-52.0,53,13493.508669
-73.0,74,13495.066816
-107.0,108,13501.538655
-600.0,600,13518.889501
-600.0,600,13526.687247
-55.0,56,13530.955469
-1084.0,85,13539.903649
-89.0,90,13540.939413
-57.0,58,13655.428177
-86.0,87,13657.355975
-123.0,124,13668.514797
-91.0,92,13673.585596
-52.0,53,13695.7451
-1164.0,165,13701.300496
-600.0,600,13715.622748
-600.0,600,13737.522071
-600.0,600,13751.407588
-186.0,187,13753.505813
-99.0,100,13767.549071
-82.0,83,13810.317551
-166.0,167,13840.301965
-73.0,74,13849.144121
-345.0,346,13875.585386
-428.0,429,13877.758964
-71.0,72,13887.06675
-1482.0,483,13923.955622
-345.0,346,13931.080295
-1167.0,168,13973.737528
-1521.0,522,14008.65544
-600.0,600,14012.925907
-1209.0,210,14033.216222
-157.0,158,14056.266028
-1196.0,197,14111.993754
-453.0,454,14114.088191
-153.0,154,14136.832135
-600.0,600,14153.13555
-229.0,230,14153.682163
-1004.0,5,14155.751894
-47.0,48,14179.076583
-600.0,600,14188.583286
-89.0,90,14235.373668
-600.0,600,14244.771734
-179.0,180,14272.955445
-392.0,393,14317.582428
-600.0,600,14327.117098
-177.0,178,14328.733265
-241.0,242,14372.949964
-84.0,85,14374.510204
-53.0,54,14400.882839
-600.0,600,14428.875034
-600.0,600,14452.687577
-600.0,600,14472.075233
-119.0,120,14535.792119
-1315.0,316,14541.675233
-213.0,214,14543.318385
-275.0,276,14547.608225
-1433.0,434,14548.179757
-600.0,600,14591.919452
-186.0,187,14643.463691
-600.0,600,14646.60696
-1318.0,319,14712.495564
-103.0,104,14767.829682
-600.0,600,14773.234446
-1339.0,340,14773.234505
-1252.0,253,14781.664323
-1267.0,268,14786.405837
-27.0,28,14787.967786
-1464.0,465,14796.064513
-1489.0,490,14797.662873
-1064.0,65,14816.665675
-103.0,104,14823.592448
-1524.0,525,14828.856847
-69.0,70,14860.847673
-95.0,96,14880.160576
-1234.0,235,14912.282503
-262.0,263,14929.088161
-1002.0,3,14930.699368
-1156.0,157,14964.296096
-1283.0,284,14968.586098
-245.0,246,15044.446567
-68.0,69,15081.086529
-600.0,600,15094.430631
-45.0,46,15105.533653
-600.0,600,15117.209474
-600.0,600,15118.823516
-600.0,600,15181.789629
-1043.0,44,15205.45904
-169.0,170,15208.148825
-468.0,469,15215.146583
-600.0,600,15251.379587
-600.0,600,15289.016786
-102.0,103,15305.951973
-1256.0,257,15351.58315
-136.0,137,15361.64492
-58.0,59,15383.048788
-191.0,192,15408.100919
-600.0,600,15414.055521
-600.0,600,15425.319509
-600.0,600,15438.599422
-1580.0,581,15514.738149
-600.0,600,15527.616717
-200.0,201,15532.322811
-243.0,244,15568.610707
-101.0,102,15569.140538
-1005.0,6,15571.838039
-1342.0,343,15596.853933
-409.0,410,15626.742564
-1204.0,205,15637.001486
-1126.0,127,15637.001548
-194.0,195,15675.54096
-1101.0,102,15680.887968
-600.0,600,15681.456249
-600.0,600,15702.629265
-328.0,329,15707.425889
-1133.0,134,15707.987703
-1267.0,268,15778.637798
-261.0,262,15819.343459
-308.0,309,15844.802629
-125.0,126,15845.33272
-94.0,95,15869.720442
-54.0,55,15874.441739
-351.0,352,15893.621909
-1094.0,95,15895.172528
-600.0,600,15914.674179
-1213.0,214,15987.044329
-140.0,141,15988.607174
-600.0,600,15992.179303
-600.0,600,16019.00984
-600.0,600,16024.38719
-113.0,114,16052.326805
-165.0,166,16075.9472
-408.0,409,16108.800307
-314.0,315,16153.280994
-600.0,600,16185.848015
-84.0,85,16197.926581
-600.0,600,16211.395562
-1205.0,206,16217.831966
-114.0,115,16247.094601
-1121.0,122,16262.881519
-1501.0,502,16284.65208
-600.0,600,16520.625328
-600.0,600,16548.594224
-600.0,600,16572.538779
-392.0,393,16649.452426
-600.0,600,16707.427316
-600.0,600,16713.704362
-152.0,153,16730.056031
-600.0,600,16742.901686
-600.0,600,16780.412593
-395.0,396,16781.492531
-1116.0,117,16804.717708
-600.0,600,16837.169013
-1123.0,124,16845.385244
-600.0,600,16864.974987
-1435.0,436,17011.16571
-600.0,600,17023.807058
-600.0,600,17030.066221
-600.0,600,17046.469476
-57.0,58,17077.269348
-109.0,110,17081.929472
-26.0,27,17091.361517
-600.0,600,17120.534091
-182.0,183,17126.294039
-600.0,600,17153.343174
-600.0,600,17161.902037
-1138.0,139,17164.521255
-1187.0,188,17180.802493
-600.0,600,17181.364446
-1096.0,97,17213.066128
-1096.0,97,17232.263768
-600.0,600,17327.25349
-1259.0,260,17369.562377
-1296.0,297,17369.562436
-1007.0,8,17373.801444
-1476.0,477,17378.06741
-1374.0,375,17378.624038
-1566.0,567,17419.456968
-600.0,600,17469.573792
-600.0,600,17480.60173
-1184.0,185,17517.109386
-150.0,151,17560.570548
-1558.0,559,17622.361233
-1209.0,210,17628.147422
-1584.0,585,17683.195447
-600.0,600,17686.837853
-1006.0,7,17686.837917
-1237.0,238,17686.83793
-600.0,600,17695.073722
-600.0,600,17695.619258
-1001.0,2,17696.620729
-1102.0,103,17750.697648
-600.0,600,17786.749135
-1498.0,499,17891.410316
-600.0,600,17939.100284
-600.0,600,18002.977531
-600.0,600,18002.977606
-600.0,600,18002.977619
-600.0,600,18011.274018
-600.0,600,18066.721764
-600.0,600,18102.61474
-600.0,600,18207.803127
-1285.0,286,18253.207438
-600.0,600,18254.779082
-552.0,553,18293.758773
-1578.0,579,18307.356161
-1463.0,464,18310.98948
-600.0,600,18318.392913
-600.0,600,18326.762755
-600.0,600,18522.057239
-1436.0,437,18522.583939
-600.0,600,18567.136482
-600.0,600,18568.623164
-600.0,600,18620.812376
-600.0,600,18624.483181
-600.0,600,18631.72901
-600.0,600,18639.849719
-1159.0,160,18707.797908
-1356.0,357,18708.332648
-358.0,359,18708.847561
-1280.0,281,18713.545659
-1345.0,346,18820.345443
-1248.0,249,18837.874752
-1587.0,588,18874.805012
-600.0,600,18933.402702
-1429.0,430,18937.463821
-600.0,600,18944.471878
-600.0,600,19021.200262
-600.0,600,19022.238297
-1491.0,492,19078.003155
-600.0,600,19329.902335
-1417.0,418,19341.511649
-600.0,600,19367.369668
-1373.0,374,19396.20336
-1270.0,271,19397.717577
-600.0,600,19425.811208
-1168.0,169,19430.058558
-600.0,600,19430.058619
-474.0,475,19447.964371
-1205.0,206,19475.189708
-600.0,600,19645.550901
-1407.0,408,19662.853695
-1028.0,29,19678.17413
-600.0,600,19711.775924
-600.0,600,19713.368259
-1474.0,475,19725.334591
-1026.0,27,19739.385457
-600.0,600,19741.497277
-600.0,600,19745.782812
-600.0,600,19745.782874
-1128.0,129,19779.67653
-1176.0,177,19834.758023
-1124.0,125,19845.360855
-1211.0,212,19857.396137
-1289.0,290,19865.887079
-1186.0,187,19933.282017
-1559.0,560,19940.119856
-1410.0,411,19962.008123
-1541.0,542,19963.088937
-1081.0,82,19983.069903
-1126.0,127,19999.943096
-1074.0,75,20001.493556
-1324.0,325,20028.415844
-1099.0,100,20035.839836
-1034.0,35,20047.009007
-600.0,600,20055.499841
-1080.0,81,20097.760334
-1008.0,9,20102.423141
-1482.0,483,20119.889142
-1246.0,247,20129.947575
-1181.0,182,20142.573068
-1002.0,3,20144.171575
-600.0,600,20161.08656
-1130.0,131,20198.885147
-1383.0,384,20203.515586
-1236.0,237,20268.26937
-1334.0,335,20278.434847
-600.0,600,20278.434907
-1398.0,399,20329.404082
-1131.0,132,20337.907706
-600.0,600,20351.040222
-1030.0,31,20354.186458
-1310.0,311,20362.002072
-1370.0,371,20398.352323
-1126.0,127,20420.671844
-1194.0,195,20431.609777
-600.0,600,20475.692474
-1437.0,438,20508.110031
-1176.0,177,20513.394333
-1056.0,57,20543.383084
-1389.0,390,20555.426356
-600.0,600,20592.701734
-1184.0,185,20604.714086
-1419.0,420,20617.59989
-600.0,600,20675.802163
-1259.0,260,20728.326268
-600.0,600,20744.991304
-600.0,600,20788.908254
-600.0,600,20856.197006
-600.0,600,20868.213223
-600.0,600,20917.957185
-600.0,600,20930.931073
-1274.0,275,20932.527198
-1041.0,42,20939.880713
-600.0,600,20988.653119
-1072.0,73,21026.89423
-1594.0,595,21038.739951
-600.0,600,21058.138283
-1117.0,118,21100.548324
-1169.0,170,21115.759353
-600.0,600,21169.551228
-600.0,600,21181.579602
-514.0,515,21199.805868
-1244.0,245,21228.621081
-600.0,600,21245.62893
-600.0,600,21253.03435
-1192.0,193,21300.303323
-600.0,600,21371.256975
-600.0,600,21428.195748
-1500.0,501,21430.273413
-600.0,600,21493.169384
-600.0,600,21539.616061
-600.0,600,21556.670673
-600.0,600,21563.890215
-1058.0,59,21570.215661
-600.0,600,21611.209033
-600.0,600,21682.057989
-600.0,600,21739.889438
-600.0,600,21741.94785
-1289.0,290,21762.74029
-600.0,600,21805.910134
-600.0,600,21870.577055
-600.0,600,21877.939793
-600.0,600,21884.183079
-600.0,600,22188.577302
-600.0,600,22246.150715
-600.0,600,22248.236333
-600.0,600,22269.364666
-600.0,600,22312.55691
-600.0,600,22377.076665
-600.0,600,22384.263326
-600.0,600,22390.554309
-600.0,600,22503.290011
-600.0,600,22560.859398
-600.0,600,22563.013116
-600.0,600,22583.906088
-600.0,600,22627.005354
-1503.0,504,22641.205018
-600.0,600,22698.824765
-600.0,600,22705.07902
-600.0,600,22816.870138
-600.0,600,22874.133038
-600.0,600,22876.21064
-600.0,600,22896.902198
-600.0,600,22939.533623
-600.0,600,22953.650614
-600.0,600,23011.218226
-600.0,600,23017.519726
-1006.0,7,23021.169258
-600.0,600,23129.538332
-600.0,600,23186.312132
-600.0,600,23188.440458
-600.0,600,23209.169291
-600.0,600,23251.553135
-600.0,600,23265.890702
-600.0,600,23323.332343
-600.0,600,23333.355768
-1439.0,440,23438.283603
-600.0,600,23441.38718
-45.0,46,23462.075622
-600.0,600,23498.838503
-600.0,600,23500.856489
-1510.0,511,23518.083481
-600.0,600,23578.539598
-600.0,600,23635.550471
-600.0,600,23645.430768
-600.0,600,23753.795117
-600.0,600,23774.674256
-600.0,600,23810.980118
-600.0,600,23813.101596
-1007.0,8,23815.170367
-600.0,600,23830.344726
-600.0,600,23890.763538
-600.0,600,23948.451818
-600.0,600,23958.389147
-600.0,600,24066.731091
-600.0,600,24087.097284
-600.0,600,24125.347667
-600.0,600,24127.408041
-600.0,600,24142.185916
-600.0,600,24202.303431
-600.0,600,24258.891092
-600.0,600,24268.584771
-600.0,600,24375.000211
-600.0,600,24395.571008
-1511.0,512,24405.421684
-600.0,600,24433.859074
-600.0,600,24436.007002
-600.0,600,24511.428478
-1545.0,546,24540.581765
-600.0,600,24578.991945
-600.0,600,24686.768038
-600.0,600,24898.100198
-600.0,600,24907.836009
-600.0,600,24936.985945
-600.0,600,24939.052121
-600.0,600,25015.584612
-600.0,600,25044.936592
-600.0,600,25082.911078
-600.0,600,25191.753712
-600.0,600,25212.729555
-600.0,600,25222.553253
-600.0,600,25251.262636
-600.0,600,25253.283971
-175.0,176,25283.619398
-156.0,157,25294.443244
-600.0,600,25328.615833
-600.0,600,25357.594826
-1221.0,222,25366.434149
-600.0,600,25395.581935
-600.0,600,25533.287362
-600.0,600,25563.609684
-600.0,600,25593.706562
-600.0,600,25604.646328
-600.0,600,25639.082561
-1041.0,42,25661.148506
-600.0,600,25668.580599
-600.0,600,25677.571566
-600.0,600,25706.625998
-1110.0,111,25718.745503
-600.0,600,25844.708103
-600.0,600,25875.708303
-1083.0,84,25888.683196
-600.0,600,25905.890664
-600.0,600,25916.853725
-1032.0,33,25923.142431
-1496.0,497,25964.994402
-600.0,600,25980.560994
-600.0,600,25989.519046
-600.0,600,26031.058183
-600.0,600,26187.920174
-600.0,600,26200.794682
-600.0,600,26229.143908
-600.0,600,26235.447879
-600.0,600,26276.924086
-600.0,600,26292.481846
-600.0,600,26301.437185
-600.0,600,26343.445187
-600.0,600,26500.443243
-600.0,600,26513.555463
-600.0,600,26541.890033
-600.0,600,26548.119014
-600.0,600,26589.386708
-600.0,600,26605.050588
-600.0,600,26613.960865
-600.0,600,26655.528048
-1183.0,184,26709.113468
-1247.0,248,26717.998113
-600.0,600,26812.09024
-600.0,600,26825.104772
-600.0,600,26853.131778
-600.0,600,26859.392725
-1398.0,399,26862.576142
-600.0,600,26916.605352
-1254.0,255,26985.55735
-600.0,600,27020.537884
-600.0,600,27029.404062
-600.0,600,27122.51153
-600.0,600,27135.238047
-600.0,600,27168.92499
-600.0,600,27172.031082
-600.0,600,27225.498284
-1197.0,198,27236.833957
-600.0,600,27293.883924
-600.0,600,27328.838568
-600.0,600,27337.715085
-1462.0,463,27410.656948
-600.0,600,27431.384346
-600.0,600,27670.063455
-1394.0,395,27724.94056
-600.0,600,27727.043385
-600.0,600,27738.194404
-600.0,600,27795.406317
-600.0,600,27838.946915
-1429.0,430,27844.452764
-600.0,600,27910.574726
-600.0,600,27976.710123
-600.0,600,28030.366403
-600.0,600,28032.333034
-600.0,600,28043.415292
-600.0,600,28099.604955
-600.0,600,28142.97134
-600.0,600,28148.465304
-600.0,600,28213.901771
-600.0,600,28280.251925
-600.0,600,28334.079429
-600.0,600,28336.115803
-600.0,600,28347.209637
-600.0,600,28403.394919
-600.0,600,28446.400038
-600.0,600,28451.994169
-600.0,600,28517.642171
-600.0,600,28584.136569
-600.0,600,28638.229089
-600.0,600,28640.302399
-600.0,600,28651.543342
-600.0,600,28707.426795
-600.0,600,28750.685253
-600.0,600,28756.277815
-600.0,600,28822.048929
-600.0,600,28887.84012
-600.0,600,28941.432775
-600.0,600,28943.451534
-600.0,600,28954.680815
-600.0,600,29011.011792
-600.0,600,29054.358027
-600.0,600,29059.927589
-600.0,600,29125.845988
-600.0,600,29191.747265
-1499.0,500,29194.638311
-600.0,600,29246.703349
-600.0,600,29257.509413
-1038.0,39,29265.913541
-1054.0,55,29293.350644
-600.0,600,29312.888435
-600.0,600,29356.119004
-600.0,600,29361.586349
-1080.0,81,29396.919594
-600.0,600,29427.401321
-600.0,600,29493.814559
-600.0,600,29496.67024
-1224.0,225,29540.62849
-600.0,600,29559.631157
-600.0,600,29596.021162
-600.0,600,29615.703296
-600.0,600,29664.206988
-600.0,600,29699.375741
-1237.0,238,29735.927752
-600.0,600,29795.874766
-600.0,600,29798.849173
-600.0,600,29843.145729
-600.0,600,29862.372911
-600.0,600,29898.545993
-600.0,600,29966.207895
-600.0,600,30000.948185
-600.0,600,30036.898226
-1079.0,80,30076.7912
-600.0,600,30096.344705
-600.0,600,30099.312896
-600.0,600,30143.3043
-600.0,600,30162.428702
-600.0,600,30390.311966
-600.0,600,30458.524172
-600.0,600,30494.438467
-600.0,600,30572.452924
-600.0,600,30592.409653
-600.0,600,30595.520306
-600.0,600,30640.039635
-1153.0,154,30650.67758
-600.0,600,30659.308195
-1062.0,63,30691.059024
-600.0,600,30695.731079
-600.0,600,30764.352573
-600.0,600,30799.591927
-600.0,600,30895.830206
-600.0,600,30898.92591
-600.0,600,30943.759829
-600.0,600,30954.548566
-600.0,600,30995.056568
-600.0,600,30999.645165
-1195.0,196,31042.885854
-600.0,600,31067.734177
-1363.0,364,31083.595807
-600.0,600,31103.452425
-600.0,600,31200.181847
-1493.0,494,31245.312587
-600.0,600,31258.850446
-1323.0,324,31268.409875
-600.0,600,31305.595697
-600.0,600,31350.773818
-600.0,600,31375.97826
-600.0,600,31392.15627
-1423.0,424,31480.71427
-600.0,600,31512.600836
-600.0,600,31558.762542
-600.0,600,31581.511297
-600.0,600,31618.545988
-600.0,600,31663.44003
-600.0,600,31689.176034
-600.0,600,31705.561384
-600.0,600,31793.83215
-600.0,600,31825.716508
-600.0,600,31872.250515
-1362.0,363,31878.941214
-600.0,600,31895.196358
-1070.0,71,31915.878554
-600.0,600,31931.873669
-600.0,600,31976.50959
-600.0,600,32017.672062
-600.0,600,32105.385423
-600.0,600,32137.114228
-600.0,600,32182.758078
-600.0,600,32205.707585
-600.0,600,32226.555324
-600.0,600,32242.855927
-600.0,600,32287.674476
-1175.0,176,32297.512162
-600.0,600,32329.257566
-1067.0,68,32332.890046
-600.0,600,32417.609437
-600.0,600,32449.673308
-600.0,600,32495.949698
-600.0,600,32539.706104
-600.0,600,32555.85956
-600.0,600,32600.394926
-600.0,600,32641.903261
-600.0,600,32645.63878
-600.0,600,32729.59272
-600.0,600,32761.528387
-600.0,600,32807.715153
-600.0,600,32851.103646
-600.0,600,32867.119965
-600.0,600,32911.360776
-600.0,600,32952.751534
-600.0,600,32956.231498
-600.0,600,33229.022106
-600.0,600,33261.069887
-600.0,600,33308.156676
-600.0,600,33352.230731
-600.0,600,33368.520047
-600.0,600,33413.341888
-1018.0,19,33423.317566
-600.0,600,33455.199533
-600.0,600,33458.932293
-600.0,600,33543.217273
-1005.0,6,33546.330806
-600.0,600,33574.613928
-600.0,600,33620.846763
-600.0,600,33664.015212
-600.0,600,33679.896712
-600.0,600,33734.289901
-600.0,600,33765.778528
-600.0,600,33769.283832
-600.0,600,33856.502613
-600.0,600,33885.188631
-600.0,600,33931.330598
-600.0,600,33974.961805
-600.0,600,33990.70594
-600.0,600,34045.265441
-600.0,600,34076.837052
-600.0,600,34080.433017
-1327.0,328,34159.136298
-600.0,600,34165.882725
-600.0,600,34194.445671
-600.0,600,34240.726146
-600.0,600,34284.820909
-600.0,600,34355.298941
-1383.0,384,34358.995134
-600.0,600,34386.59345
-600.0,600,34390.2376
-600.0,600,34477.555527
-600.0,600,34506.100753
-600.0,600,34551.786973
-600.0,600,34595.583723
-1120.0,121,34614.236527
-600.0,600,34664.685726
-600.0,600,34668.240088
-600.0,600,34696.164937
-600.0,600,34699.88379
-600.0,600,34788.076114
-600.0,600,34816.740751
-600.0,600,34905.935537
-600.0,600,34925.274615
-1270.0,271,34928.393729
-600.0,600,34977.000882
-600.0,600,34980.580623
-600.0,600,35008.719653
-600.0,600,35012.453623
-1202.0,203,35115.209871
-600.0,600,35129.400602
-600.0,600,35220.754352
-600.0,600,35240.126957
-600.0,600,35243.254425
-600.0,600,35291.826729
-600.0,600,35295.555042
-600.0,600,35327.581043
-1113.0,114,35352.004731
-1120.0,121,35391.641812
-1360.0,361,35430.285802
-600.0,600,35431.361763
-600.0,600,35445.604387
-600.0,600,35537.413327
-600.0,600,35560.184119
-600.0,600,35612.740383
-1524.0,525,35629.836639
-600.0,600,35708.652695
-600.0,600,35746.633521
-600.0,600,35747.697823
-600.0,600,35953.613395
-1390.0,391,36026.719438
-600.0,600,36044.909113
-600.0,600,36067.905866
-600.0,600,36121.202569
-600.0,600,36217.64015
-600.0,600,36255.845378
-600.0,600,36256.867753
-600.0,600,36271.080408
-1026.0,27,36285.511588
-600.0,600,36344.208658
-600.0,600,36362.145029
-600.0,600,36384.935567
-600.0,600,36437.48862
-1044.0,45,36461.167292
-600.0,600,36533.282003
-600.0,600,36571.471086
-600.0,600,36572.549357
-600.0,600,36600.904896
-600.0,600,36659.462636
-600.0,600,36677.465746
-600.0,600,36699.87595
-600.0,600,36775.686488
-600.0,600,36845.863174
-600.0,600,36883.909879
-600.0,600,36884.961148
-1033.0,34,36901.833514
-600.0,600,36913.411914
-600.0,600,36971.652397
-1169.0,170,36973.803866
-600.0,600,36989.236029
-600.0,600,37011.272047
-1183.0,184,37083.039522
-600.0,600,37085.122475
-1250.0,251,37102.145668
-1069.0,70,37137.982609
-600.0,600,37155.447722
-1184.0,185,37180.117279
-600.0,600,37210.283451
-600.0,600,37221.612879
-1130.0,131,37277.272752
-600.0,600,37278.875442
-1058.0,59,37307.516573
-600.0,600,37318.203431
-1403.0,404,37386.684026
-600.0,600,37390.216607
-1012.0,13,37396.775868
-600.0,600,37444.620706
-600.0,600,37462.232595
-600.0,600,37528.191614
-600.0,600,37585.709275
-600.0,600,37614.523184
-1174.0,175,37618.168314
-600.0,600,37625.420081
-600.0,600,37694.409516
-600.0,600,37704.736943
-600.0,600,37753.072942
-600.0,600,37770.652513
-1189.0,190,37802.260617
-1367.0,368,37803.842147
-1091.0,92,37817.749306
-600.0,600,37894.295859
-600.0,600,37926.493441
-600.0,600,37933.593139
-600.0,600,38002.006353
-600.0,600,38060.292267
-1015.0,16,38068.594585
-600.0,600,38109.8072
-600.0,600,38111.353603
-600.0,600,38125.384183
-600.0,600,38201.967466
-1389.0,390,38202.506329
-600.0,600,38234.534215
-600.0,600,38241.676887
-600.0,600,38378.053384
-600.0,600,38419.258674
-600.0,600,38420.835756
-600.0,600,38434.595371
-600.0,600,38511.299406
-600.0,600,38511.844717
-600.0,600,38731.575691
-600.0,600,38738.313354
-1474.0,475,38852.151622
-600.0,600,38873.917591
-1399.0,400,38904.213244
-600.0,600,38915.16355
-600.0,600,38930.656787
-435.0,436,38955.406823
-600.0,600,39008.062431
-600.0,600,39047.258801
-600.0,600,39161.504785
-600.0,600,39183.285325
-600.0,600,39213.458081
-600.0,600,39223.927253
-600.0,600,39239.357103
-600.0,600,39263.811525
-600.0,600,39315.672876
-600.0,600,39354.343256
-600.0,600,39467.754237
-600.0,600,39489.643865
-600.0,600,39519.831758
-600.0,600,39530.62337
-600.0,600,39545.969775
-600.0,600,39570.574693
-600.0,600,39623.256048
-1026.0,27,39637.095148
-600.0,600,39662.490704
-1076.0,77,39701.915255
-600.0,600,39776.447871
-600.0,600,39798.102274
-600.0,600,39828.581002
-600.0,600,39839.459033
-600.0,600,39854.951007
-600.0,600,39880.01272
-600.0,600,39946.649319
-600.0,600,40011.461855
-600.0,600,40086.247055
-600.0,600,40107.797804
-600.0,600,40138.264708
-600.0,600,40149.057371
-600.0,600,40164.683588
-600.0,600,40189.309259
-600.0,600,40255.58492
-600.0,600,40320.191386
-1141.0,142,40328.402722
-600.0,600,40395.072377
-600.0,600,40416.717402
-600.0,600,40446.890777
-600.0,600,40457.446996
-600.0,600,40472.876315
-600.0,600,40497.543303
-600.0,600,40628.667187
-600.0,600,40636.971505
-600.0,600,40703.059113
-600.0,600,40724.151232
-600.0,600,40754.070517
-600.0,600,40764.77532
-600.0,600,40780.248338
-600.0,600,40804.849965
-600.0,600,40935.899405
-1004.0,5,40938.473449
-600.0,600,40944.152645
-600.0,600,41011.669214
-600.0,600,41033.28523
-600.0,600,41063.79435
-1074.0,75,41072.106938
-600.0,600,41074.670934
-600.0,600,41090.152447
-600.0,600,41115.011195
-600.0,600,41249.66813
-600.0,600,41255.267355
-600.0,600,41505.379555
-600.0,600,41557.493416
-600.0,600,41565.732204
-600.0,600,41568.412531
-600.0,600,41583.940979
-600.0,600,41608.709323
-1419.0,420,41655.728335
-1092.0,93,41704.114808
-600.0,600,41743.301029
-600.0,600,41815.644817
-600.0,600,41868.487529
-600.0,600,41876.598485
-600.0,600,41879.096932
-600.0,600,41894.482548
-600.0,600,41919.533861
-600.0,600,42015.934114
-1305.0,306,42036.415113
-600.0,600,42055.669315
-600.0,600,42128.776645
-1052.0,53,42156.496088
-600.0,600,42181.472815
-600.0,600,42192.229913
-600.0,600,42207.840973
-600.0,600,42233.026915
-600.0,600,42329.576032
-600.0,600,42350.016791
-600.0,600,42369.257782
-1099.0,100,42381.816772
-600.0,600,42470.139833
-600.0,600,42495.197812
-1061.0,62,42502.571479
-600.0,600,42506.317907
-1013.0,14,42509.957171
-600.0,600,42521.846424
-600.0,600,42546.746532
-1137.0,138,42593.539585
-600.0,600,42662.939094
-600.0,600,42682.314565
-1058.0,59,42694.148693
-600.0,600,42695.234845
-1018.0,19,42704.264196
-600.0,600,42809.213381
-600.0,600,42820.56719
-600.0,600,42824.277664
-600.0,600,42861.21937
-600.0,600,42908.250164
-600.0,600,42997.657038
-600.0,600,43010.027301
-600.0,600,43018.955538
-1483.0,484,43077.100272
-1033.0,34,43095.12394
-600.0,600,43123.387117
-600.0,600,43134.166119
-1301.0,302,43167.486927
-600.0,600,43174.902757
-600.0,600,43222.222047
-1221.0,222,43283.767459
-600.0,600,43310.968285
-600.0,600,43332.562595
-600.0,600,43409.457109
-600.0,600,43438.122956
-600.0,600,43449.119794
-600.0,600,43489.852555
-600.0,600,43536.965138
-600.0,600,43598.747411
-1038.0,39,43619.042808
-600.0,600,43625.747312
-1029.0,30,43641.452353
-600.0,600,43647.186734
-1085.0,86,43692.294027
-1569.0,570,43707.900781
-600.0,600,43752.092808
-600.0,600,43763.319104
-600.0,600,43804.424979
-600.0,600,43851.647702
-1024.0,25,43864.842861
-1307.0,308,43925.698958
-600.0,600,43935.063367
-600.0,600,43957.680336
-600.0,600,44007.845698
-600.0,600,44023.560861
-1042.0,43,44030.438662
-1047.0,48,44048.810349
-600.0,600,44067.851458
-1362.0,363,44297.944783
-600.0,600,44301.671998
-600.0,600,44361.207762
-1101.0,102,44413.995806
-600.0,600,44429.783302
-600.0,600,44452.521994
-1430.0,431,44522.355476
-600.0,600,44525.499986
-600.0,600,44543.67287
-600.0,600,44562.511202
-600.0,600,44613.988107
-1100.0,101,44666.366243
-600.0,600,44726.584411
-600.0,600,44742.041509
-600.0,600,44764.220813
-1118.0,119,44804.025038
-600.0,600,44834.707413
-600.0,600,44837.850459
-600.0,600,44856.157388
-600.0,600,44875.081723
-600.0,600,44979.349828
-600.0,600,45040.452127
-600.0,600,45078.702977
-600.0,600,45118.375075
-600.0,600,45148.789635
-600.0,600,45151.986584
-1030.0,31,45165.077351
-600.0,600,45170.293252
-600.0,600,45188.977714
-600.0,600,45293.097564
-600.0,600,45353.697646
-600.0,600,45392.237825
-600.0,600,45431.89646
-600.0,600,45465.615261
-600.0,600,45478.631537
-600.0,600,45483.932649
-600.0,600,45503.002891
-1047.0,48,45503.998212
-1069.0,70,45520.588233
-600.0,600,45607.536876
-600.0,600,45668.4679
-600.0,600,45706.599157
-1226.0,227,45726.55658
-600.0,600,45746.5803
-600.0,600,45780.313869
-600.0,600,45817.80933
-1135.0,136,45818.348336
-600.0,600,45818.894041
-600.0,600,45835.371958
-1110.0,111,45876.837095
-600.0,600,45983.698722
-1038.0,39,46004.240859
-600.0,600,46021.993335
-600.0,600,46041.916777
-1460.0,461,46060.263048
-600.0,600,46095.533479
-600.0,600,46132.702121
-600.0,600,46150.524989
-600.0,600,46192.221187
-1591.0,592,46315.974727
-600.0,600,46338.330619
-600.0,600,46358.552822
-1442.0,443,46366.848735
-600.0,600,46377.029363
-600.0,600,46412.212902
-600.0,600,46467.277307
-600.0,600,46508.144496
-1323.0,324,46536.260211
-600.0,600,46630.077956
-600.0,600,46651.954999
-600.0,600,46672.174911
-600.0,600,46690.873019
-600.0,600,46726.009742
-600.0,600,46781.252186
-600.0,600,46823.011766
-600.0,600,46851.708723
-600.0,600,47138.508332
-600.0,600,47160.307002
-600.0,600,47180.197071
-600.0,600,47198.666822
-600.0,600,47233.583773
-600.0,600,47288.407445
-600.0,600,47329.77025
-600.0,600,47358.147462
-1352.0,353,47417.869831
-600.0,600,47452.03422
-1529.0,530,47457.302465
-600.0,600,47474.372275
-1053.0,54,47480.638617
-600.0,600,47512.791779
-1385.0,386,47532.235856
-600.0,600,47604.098661
-600.0,600,47674.669349
-1007.0,8,47678.835944
-600.0,600,47735.289025
-600.0,600,47774.810934
-600.0,600,47791.544516
-600.0,600,47797.968418
-600.0,600,47830.873711
-600.0,600,47850.420773
-600.0,600,47921.939924
-600.0,600,47996.805023
-600.0,600,48053.185757
-600.0,600,48092.581223
-600.0,600,48109.152997
-600.0,600,48115.483684
-600.0,600,48148.323472
-600.0,600,48167.875999
-1014.0,15,48175.850274
-600.0,600,48238.671228
-1308.0,309,48255.261285
-1034.0,35,48257.183854
-600.0,600,48313.543429
-600.0,600,48370.183011
-600.0,600,48426.440372
-600.0,600,48432.754097
-600.0,600,48465.487085
-600.0,600,48494.021404
-600.0,600,48574.730845
-600.0,600,48576.323143
-600.0,600,48632.091402
-1191.0,192,48678.170436
-600.0,600,48689.071592
-600.0,600,48745.692399
-1218.0,219,48748.377307
-600.0,600,48752.032423
-600.0,600,48784.495473
-1081.0,82,48795.532881
-600.0,600,48812.167557
-600.0,600,48892.524893
-1560.0,561,48986.173921
-600.0,600,48995.867724
-600.0,600,49062.8837
-600.0,600,49065.551579
-1023.0,24,49075.618546
-600.0,600,49101.988913
-600.0,600,49113.003845
-600.0,600,49129.272611
-1066.0,67,49164.499898
-600.0,600,49209.331982
-1136.0,137,49236.764031
-600.0,600,49302.861483
-600.0,600,49312.324502
-1381.0,382,49314.426081
-600.0,600,49382.561098
-600.0,600,49392.79883
-600.0,600,49418.430137
-600.0,600,49526.535562
-600.0,600,49554.063359
-1571.0,572,49616.634343
-600.0,600,49619.750886
-600.0,600,49629.260403
-600.0,600,49699.843229
-600.0,600,49709.716288
-1024.0,25,49722.978854
-600.0,600,49910.735531
-1026.0,27,49924.127516
-600.0,600,50017.081368
-600.0,600,50043.906996
-600.0,600,50107.007012
-600.0,600,50110.159421
-600.0,600,50119.555858
-600.0,600,50190.260872
-600.0,600,50213.62056
-600.0,600,50240.75761
-1111.0,112,50272.813731
-1260.0,261,50328.445772
-600.0,600,50334.325478
-600.0,600,50362.516431
-600.0,600,50426.043804
-600.0,600,50429.190224
-600.0,600,50438.796062
-1416.0,417,50557.651121
-600.0,600,50560.723809
-600.0,600,50593.135489
-600.0,600,50649.130401
-1136.0,137,50665.935069
-600.0,600,50682.340486
-1112.0,113,50742.935113
-600.0,600,50746.046418
-600.0,600,50749.122036
-600.0,600,50758.484811
-1180.0,181,50841.64664
-600.0,600,50876.253966
-600.0,600,50879.328142
-1107.0,108,50898.955263
-1359.0,360,50934.071921
-1506.0,507,50935.699504
-600.0,600,50968.639661
-1044.0,45,50992.537879
-1302.0,303,51041.218676
-1033.0,34,51059.438309
-600.0,600,51068.340979
-600.0,600,51077.903591
-600.0,600,51194.749305
-1259.0,260,51205.166126
-600.0,600,51217.194642
-600.0,600,51252.199628
-600.0,600,51253.807904
-1089.0,90,51301.621905
-600.0,600,51309.990801
-1112.0,113,51312.071432
-1452.0,453,51317.497747
-1024.0,25,51325.257591
-1053.0,54,51330.37574
-1061.0,62,51342.982347
-1260.0,261,51344.020992
-1081.0,82,51369.130775
-600.0,600,51377.207927
-1407.0,408,51411.685738
-1304.0,305,51479.650771
-1061.0,62,51512.835141
-600.0,600,51536.57728
-1050.0,51,51539.757558
-1372.0,373,51541.362596
-1007.0,8,51543.988035
-1342.0,343,51559.544321
-1065.0,66,51579.318743
-1019.0,20,51589.843317
-1120.0,121,51623.838583
-600.0,600,51649.331115
-1217.0,218,51657.209973
-600.0,600,51663.045731
-1579.0,580,51677.688874
-1060.0,61,51689.747517
-1210.0,211,51702.236511
-600.0,600,51730.898033
-1178.0,179,51772.827728
-1056.0,57,51802.917075
-1007.0,8,51807.204857
-1202.0,203,51809.806543
-1034.0,35,51825.794289
-600.0,600,51855.754381
-1303.0,304,51892.273364
-1131.0,132,51895.987844
-1027.0,28,51910.817063
-600.0,600,51942.458752
-1119.0,120,51955.61466
-600.0,600,51968.015461
-600.0,600,51981.860327
-600.0,600,52008.321395
-1136.0,137,52054.725718
-1479.0,480,52064.783391
-1055.0,56,52095.206914
-600.0,600,52175.199483
-1033.0,34,52193.244754
-1019.0,20,52204.122184
-600.0,600,52230.813294
-600.0,600,52262.949738
-600.0,600,52276.314672
-600.0,600,52288.452107
-600.0,600,52329.185557
-600.0,600,52375.581995
-600.0,600,52417.227607
-1421.0,422,52458.427091
-1164.0,165,52465.832771
-1005.0,6,52469.078853
-1116.0,117,52520.760266
-600.0,600,52526.75893
-1068.0,69,52558.759222
-600.0,600,52781.035355
-600.0,600,52794.370607
-1086.0,87,52799.561436
-600.0,600,52806.310768
-600.0,600,52846.080479
-1124.0,125,52859.826489
-1125.0,126,52865.983656
-1073.0,74,52899.425617
-1108.0,109,52904.332701
-1075.0,76,52906.434633
-600.0,600,52932.730845
-1054.0,55,52962.116544
-600.0,600,52984.226465
-1022.0,23,52996.624441
-1005.0,6,52999.717155
-1064.0,65,53034.739084
-1140.0,141,53038.006754
-600.0,600,53042.387275
-1312.0,313,53072.5087
-1076.0,77,53076.294308
-1514.0,515,53081.735109
-600.0,600,53101.540478
-1177.0,178,53167.760645
-1185.0,186,53201.788112
-600.0,600,53222.28988
-600.0,600,53229.239429
-1200.0,201,53310.964404
-1045.0,46,53335.330453
-600.0,600,53361.720487
-600.0,600,53366.075706
-600.0,600,53399.726349
-600.0,600,53405.037012
-1092.0,93,53411.376298
-600.0,600,53491.522563
-600.0,600,53546.13045
-600.0,600,53553.215962
-600.0,600,53660.865246
-600.0,600,53691.693449
-1007.0,8,53696.066599
-600.0,600,53725.562788
-600.0,600,53731.003824
-600.0,600,53737.446268
-46.0,47,53763.550189
-1287.0,288,53817.061871
-600.0,600,53818.670447
-1034.0,35,53837.466124
-1057.0,58,53848.333404
-1185.0,186,53864.222726
-1055.0,56,53867.99411
-600.0,600,53872.824575
-600.0,600,53879.748807
-1134.0,135,53941.229044
-1404.0,405,53950.749249
-600.0,600,54021.102469
-1031.0,32,54038.242063
-600.0,600,54050.755828
-1121.0,122,54103.839456
-1016.0,17,54112.94466
-600.0,600,54172.24763
-600.0,600,54187.811662
-600.0,600,54196.439145
-600.0,600,54203.517062
-1059.0,60,54220.402167
-1022.0,23,54232.76704
-1530.0,531,54237.089102
-1092.0,93,54246.986649
-600.0,600,54264.810217
-1075.0,76,54278.064393
-1252.0,253,54339.862643
-1122.0,123,54344.1392
-600.0,600,54373.776816
-1126.0,127,54408.221868
-600.0,600,54436.325641
-600.0,600,54495.294136
-600.0,600,54555.332786
-1298.0,299,54568.649863
-600.0,600,54569.163176
-600.0,600,54586.865023
-1043.0,44,54610.394343
-600.0,600,54665.666194
-1002.0,3,54667.214279
-600.0,600,54695.270314
-1366.0,367,54751.204147
-600.0,600,54757.053602
-1066.0,67,54792.834325
-600.0,600,54816.051334
-1076.0,77,54858.091481
-1164.0,165,54882.406285
-600.0,600,54890.793
-600.0,600,54891.350156
-600.0,600,54932.841823
-1381.0,382,54958.137609
-1037.0,38,54978.772408
-600.0,600,54991.563927
-1044.0,45,55003.52076
-600.0,600,55020.033215
-1092.0,93,55071.537498
-1087.0,88,55121.276766
-600.0,600,55191.50341
-1494.0,495,55210.410122
-1034.0,35,55211.59305
-600.0,600,55217.294364
-600.0,600,55225.741566
-600.0,600,55226.304302
-1034.0,35,55246.137246
-1120.0,121,55280.169676
-1340.0,341,55316.050798
-600.0,600,55331.065208
-600.0,600,55343.987522
-1044.0,45,55371.15578
-1161.0,162,55374.550094
-1141.0,142,55399.74842
-1056.0,57,55404.899251
-600.0,600,55749.831468
-600.0,600,55756.19519
-1414.0,415,55764.734467
-600.0,600,55764.734526
-1009.0,10,55770.171302
-1034.0,35,55775.622723
-600.0,600,55785.01016
-600.0,600,55914.975078
-600.0,600,55941.059936
-600.0,600,55945.725337
-1038.0,39,55964.617928
-1013.0,14,55972.687371
-1056.0,57,56006.359364
-1017.0,18,56016.990803
-1004.0,5,56019.96855
-1433.0,434,56031.735031
-600.0,600,56101.810552
-600.0,600,56117.860406
-600.0,600,56123.26106
-600.0,600,56138.445462
-1177.0,178,56219.236548
-600.0,600,56266.040498
-1006.0,7,56270.090498
-600.0,600,56296.112872
-1038.0,39,56319.221403
-600.0,600,56371.562777
-600.0,600,56383.012129
-1034.0,35,56392.56164
-600.0,600,56455.801112
-600.0,600,56478.101131
-600.0,600,56493.198985
-1090.0,91,56531.090428
-600.0,600,56575.113633
-600.0,600,56625.650187
-1144.0,145,56658.946378
-600.0,600,56673.877877
-1161.0,162,56719.092526
-600.0,600,56734.836943
-600.0,600,56743.323612
-600.0,600,56804.161685
-600.0,600,56842.605603
-600.0,600,56880.942395
-1069.0,70,56883.970225
-1135.0,136,56965.43226
-600.0,600,57012.789301
-600.0,600,57027.870153
-600.0,600,57073.339661
-600.0,600,57088.966167
-600.0,600,57097.790775
-600.0,600,57157.291674
-1020.0,21,57169.248552
-600.0,600,57230.982992
-600.0,600,57310.614026
-59.0,60,57344.995647
-600.0,600,57356.895473
-600.0,600,57372.241094
-1119.0,120,57414.757865
-600.0,600,57418.108272
-1030.0,31,57433.269299
-600.0,600,57433.911364
-600.0,600,57443.085279
-600.0,600,57517.545163
-600.0,600,57579.501675
-600.0,600,57706.792201
-600.0,600,57720.454825
-600.0,600,57765.296518
-600.0,600,57780.167138
-600.0,600,57780.746986
-600.0,600,57789.270279
-600.0,600,57863.11716
-600.0,600,57925.934036
