#{"t_start": 1769022617.4688556, "env_id": "None"}
r,l,t
-600.0,600,32.474085
-600.0,600,32.474176
-600.0,600,32.474203
-600.0,600,32.474225
-600.0,600,32.474243
-600.0,600,32.47426
-600.0,600,32.474276
-600.0,600,32.474294
-1157.0,158,50.568011
-1195.0,196,54.714228
-600.0,600,99.866471
-600.0,600,99.866539
-600.0,600,99.866558
-600.0,600,99.866567
-600.0,600,99.866576
-600.0,600,99.866584
-1088.0,89,109.748817
-600.0,600,117.784434
-1008.0,9,118.816025
-600.0,600,122.24944
-1233.0,234,126.591325
-600.0,600,167.268254
-600.0,600,167.268334
-600.0,600,167.268357
-600.0,600,167.268376
-1080.0,81,176.551139
-600.0,600,177.47978
-600.0,600,186.348755
-600.0,600,189.493545
-600.0,600,193.448009
-1199.0,200,216.093068
-1037.0,38,220.512133
-600.0,600,235.059919
-600.0,600,235.059975
-600.0,600,235.059989
-600.0,600,244.212534
-600.0,600,245.143019
-1161.0,162,253.347417
-600.0,600,253.894409
-600.0,600,256.945878
-600.0,600,287.728703
-600.0,600,302.361773
-600.0,600,302.361843
-1586.0,587,310.196557
-600.0,600,312.544608
-1160.0,161,320.938969
-600.0,600,321.04299
-600.0,600,321.614227
-600.0,600,324.723268
-1226.0,227,338.058524
-600.0,600,355.232344
-1559.0,560,365.149786
-600.0,600,377.348048
-600.0,600,388.286213
-600.0,600,388.410773
-600.0,600,388.97459
-600.0,600,392.324947
-1095.0,96,399.730583
-600.0,600,405.752358
-600.0,600,423.536239
-1262.0,263,429.962979
-600.0,600,433.740897
-600.0,600,445.8606
-600.0,600,456.185948
-600.0,600,456.332283
-600.0,600,460.172501
-1051.0,52,462.090881
-1038.0,39,466.302853
-600.0,600,473.018509
-1284.0,285,487.634617
-600.0,600,490.580077
-600.0,600,496.804012
-600.0,600,500.68635
-600.0,600,513.328347
-600.0,600,527.991862
-600.0,600,724.090719
-600.0,600,731.133336
-600.0,600,745.804214
-600.0,600,748.65988
-1005.0,6,749.385263
-600.0,600,754.646765
-600.0,600,758.676988
-600.0,600,771.118867
-600.0,600,785.719848
-1241.0,242,786.439976
-1051.0,52,791.945429
-600.0,600,792.508161
-600.0,600,799.687504
-600.0,600,814.493721
-600.0,600,818.169691
-1025.0,26,821.329728
-600.0,600,823.94182
-600.0,600,840.008294
-1433.0,434,849.07821
-600.0,600,854.880245
-600.0,600,860.042243
-600.0,600,860.607422
-600.0,600,882.134455
-600.0,600,888.836471
-600.0,600,891.256762
-600.0,600,907.261991
-600.0,600,916.792974
-600.0,600,922.732922
-600.0,600,927.919862
-600.0,600,928.470716
-600.0,600,950.653327
-1408.0,409,954.282111
-600.0,600,957.448601
-600.0,600,959.978215
-1201.0,202,973.871832
-600.0,600,985.518775
-600.0,600,991.13241
-1556.0,557,991.506482
-1587.0,588,995.598534
-1199.0,200,1007.945495
-600.0,600,1022.265844
-600.0,600,1025.313468
-600.0,600,1027.862229
-600.0,600,1041.647019
-600.0,600,1059.034737
-600.0,600,1059.397147
-600.0,600,1063.564641
-600.0,600,1076.026013
-600.0,600,1090.151247
-600.0,600,1092.988877
-600.0,600,1095.517271
-1019.0,20,1098.006644
-1346.0,347,1102.925268
-600.0,600,1109.723344
-1067.0,68,1110.599895
-600.0,600,1126.970049
-600.0,600,1127.292201
-1214.0,215,1133.744725
-600.0,600,1143.848095
-600.0,600,1158.220482
-600.0,600,1161.145622
-600.0,600,1165.675255
-600.0,600,1178.267961
-600.0,600,1194.857381
-600.0,600,1195.170219
-1460.0,461,1195.826099
-600.0,600,1201.597079
-600.0,600,1225.173689
-600.0,600,1228.361173
-1331.0,332,1232.190838
-600.0,600,1233.182007
-600.0,600,1245.863806
-600.0,600,1262.479567
-600.0,600,1263.569089
-600.0,600,1269.579331
-600.0,600,1482.10087
-600.0,600,1484.99829
-600.0,600,1488.611094
-600.0,600,1489.59039
-1022.0,23,1492.133377
-600.0,600,1501.471988
-1420.0,421,1504.632344
-600.0,600,1517.710231
-600.0,600,1518.723655
-600.0,600,1548.248334
-600.0,600,1551.266675
-1024.0,25,1554.332313
-600.0,600,1555.238171
-600.0,600,1558.834343
-1065.0,66,1562.641953
-600.0,600,1568.396653
-600.0,600,1571.37029
-1085.0,86,1580.736783
-600.0,600,1584.270187
-600.0,600,1585.228062
-1047.0,48,1586.04774
-600.0,600,1614.563727
-1525.0,526,1616.488729
-600.0,600,1620.32913
-1034.0,35,1624.380116
-600.0,600,1628.60633
-600.0,600,1634.297852
-1181.0,182,1648.398276
-600.0,600,1650.192312
-600.0,600,1651.151977
-600.0,600,1651.874188
-1012.0,13,1653.348192
-1325.0,326,1659.926196
-1145.0,146,1675.88347
-600.0,600,1680.417186
-600.0,600,1682.33474
-1005.0,6,1682.98376
-600.0,600,1699.900167
-1547.0,548,1713.518113
-600.0,600,1714.218885
-600.0,600,1716.145654
-600.0,600,1717.138947
-1357.0,358,1722.308027
-600.0,600,1742.120655
-1008.0,9,1743.066513
-600.0,600,1746.638549
-1080.0,81,1752.13009
-1062.0,63,1753.750833
-1018.0,19,1755.769331
-600.0,600,1766.310562
-600.0,600,1779.511863
-600.0,600,1780.171688
-600.0,600,1781.961245
-600.0,600,1782.935117
-1034.0,35,1783.9379
-600.0,600,1788.150109
-1101.0,102,1790.597884
-1105.0,106,1794.575396
-1007.0,8,1795.5198
-1086.0,87,1797.827935
-1423.0,424,1798.312268
-1022.0,23,1800.418379
-600.0,600,1821.41059
-600.0,600,1832.069332
-1013.0,14,1833.696911
-1021.0,22,1836.121642
-600.0,600,1847.825065
-1013.0,14,1849.417987
-600.0,600,1849.841306
-600.0,600,1856.346424
-600.0,600,1861.110906
-1255.0,256,1863.556573
-600.0,600,1863.774095
-600.0,600,1865.765134
-1002.0,3,1866.082905
-1107.0,108,1877.793904
-600.0,600,1886.567623
-1259.0,260,1889.416671
-1119.0,120,1900.067845
-1043.0,44,1904.921937
-1576.0,577,1912.384274
-600.0,600,1915.462
-600.0,600,1922.382721
-600.0,600,1929.736721
-1068.0,69,1929.949834
-600.0,600,1929.949898
-1138.0,139,1931.004236
-1014.0,15,1931.463301
-1033.0,34,1933.814512
-1050.0,51,1935.716309
-1051.0,52,1941.359127
-1269.0,270,1942.41125
-600.0,600,1944.34943
-1137.0,138,1946.697967
-1001.0,2,1946.943794
-600.0,600,1955.882102
-1008.0,9,1956.938489
-1177.0,178,1961.078166
-1059.0,60,1967.426334
-1113.0,114,1969.307073
-600.0,600,1970.933748
-1010.0,11,1972.121131
-1439.0,440,1979.036173
-600.0,600,1999.098001
-1002.0,3,1999.404836
-600.0,600,2007.723407
-600.0,600,2009.485616
-600.0,600,2011.962922
-600.0,600,2203.507529
-600.0,600,2205.389452
-600.0,600,2208.246877
-600.0,600,2215.454119
-600.0,600,2236.009054
-600.0,600,2244.0861
-600.0,600,2245.864158
-1014.0,15,2247.468792
-600.0,600,2248.334849
-1003.0,4,2248.752613
-1358.0,359,2254.236412
-600.0,600,2268.709806
-1011.0,12,2270.074236
-600.0,600,2270.71912
-1017.0,18,2272.15612
-600.0,600,2273.678067
-600.0,600,2302.098264
-600.0,600,2310.526454
-600.0,600,2314.020209
-600.0,600,2315.243364
-600.0,600,2320.753755
-1185.0,186,2322.304061
-600.0,600,2337.125463
-600.0,600,2338.497958
-600.0,600,2340.028486
-600.0,600,2376.792733
-600.0,600,2380.275108
-600.0,600,2381.637536
-600.0,600,2387.251884
-600.0,600,2388.960039
-1106.0,107,2392.055412
-600.0,600,2403.647309
-600.0,600,2405.056302
-600.0,600,2406.500858
-600.0,600,2442.97191
-600.0,600,2447.660552
-600.0,600,2453.275572
-1596.0,597,2454.643149
-600.0,600,2458.235796
-600.0,600,2469.839945
-600.0,600,2471.254074
-1003.0,4,2471.759976
-600.0,600,2472.720228
-1059.0,60,2479.389313
-600.0,600,2508.571846
-600.0,600,2513.270034
-600.0,600,2519.094033
-600.0,600,2520.362681
-600.0,600,2524.018434
-600.0,600,2535.196095
-600.0,600,2537.010365
-600.0,600,2544.613549
-600.0,600,2574.100536
-600.0,600,2578.996876
-600.0,600,2584.764251
-600.0,600,2586.115674
-600.0,600,2589.758094
-1023.0,24,2592.479522
-600.0,600,2601.2309
-600.0,600,2603.06166
-600.0,600,2610.613926
-600.0,600,2640.603386
-600.0,600,2645.32694
-600.0,600,2650.8644
-600.0,600,2652.151819
-600.0,600,2658.292367
-600.0,600,2667.318882
-600.0,600,2669.249437
-600.0,600,2676.768952
-600.0,600,2706.272112
-600.0,600,2711.208436
-600.0,600,2716.747354
-600.0,600,2718.016178
-600.0,600,2724.12607
-1073.0,74,2726.156545
-600.0,600,2733.418759
-600.0,600,2735.363851
-600.0,600,2743.069799
-579.0,580,2957.599336
-600.0,600,2964.526901
-600.0,600,2970.134224
-600.0,600,2977.483177
-600.0,600,2979.451041
-600.0,600,2986.341029
-600.0,600,2988.200927
-600.0,600,2995.931649
-600.0,600,3023.793249
-600.0,600,3030.741598
-600.0,600,3036.334356
-600.0,600,3043.638628
-600.0,600,3045.606489
-1030.0,31,3046.953826
-1036.0,37,3050.975194
-1006.0,7,3051.782942
-600.0,600,3052.535378
-600.0,600,3054.45822
-600.0,600,3062.343448
-600.0,600,3090.060556
-1380.0,381,3094.434271
-600.0,600,3097.206996
-1025.0,26,3097.309052
-600.0,600,3102.715789
-600.0,600,3112.250398
-600.0,600,3119.114717
-600.0,600,3121.012746
-1224.0,225,3121.862951
-1592.0,593,3127.95215
-1296.0,297,3145.047659
-600.0,600,3156.61519
-600.0,600,3163.724897
-1412.0,413,3165.146867
-600.0,600,3169.29053
-1512.0,513,3186.060488
-600.0,600,3188.989211
-600.0,600,3189.844491
-1416.0,417,3192.964518
-1074.0,75,3195.041983
-1274.0,275,3201.807278
-1435.0,436,3215.308023
-600.0,600,3225.32425
-600.0,600,3232.981637
-600.0,600,3257.440099
-600.0,600,3258.220586
-600.0,600,3261.264477
-600.0,600,3263.329584
-1059.0,60,3265.296166
-1322.0,323,3269.861858
-600.0,600,3270.140884
-1108.0,109,3282.756625
-1005.0,6,3283.486812
-600.0,600,3284.560417
-1027.0,28,3286.744821
-600.0,600,3294.560781
-1109.0,110,3297.279172
-1338.0,339,3302.880966
-1168.0,169,3314.184206
-1156.0,157,3315.540027
-1205.0,206,3327.044686
-600.0,600,3327.620604
-600.0,600,3331.50238
-1409.0,410,3334.778481
-600.0,600,3335.466824
-600.0,600,3339.792262
-1046.0,47,3340.642227
-1123.0,124,3341.174896
-1056.0,57,3347.505688
-1186.0,187,3352.455822
-1111.0,112,3353.124863
-1087.0,88,3357.500128
-1093.0,94,3363.120628
-1049.0,50,3363.120695
-1256.0,257,3363.544509
-1237.0,238,3366.399984
-1145.0,146,3369.499248
-1044.0,45,3371.413898
-1095.0,96,3373.839184
-1040.0,41,3374.188773
-1102.0,103,3375.054621
-1080.0,81,3380.611534
-1062.0,63,3380.925399
-600.0,600,3382.617819
-600.0,600,3383.963745
-1058.0,59,3387.830193
-1132.0,133,3390.286589
-1167.0,168,3393.532961
-1059.0,60,3394.804932
-1108.0,109,3395.302279
-600.0,600,3395.794944
-1029.0,30,3399.264601
-1042.0,43,3400.338424
-1177.0,178,3401.427638
-1096.0,97,3401.799689
-1006.0,7,3402.27561
-1160.0,161,3403.007052
-1033.0,34,3404.473429
-1044.0,45,3404.690885
-1042.0,43,3407.474929
-1050.0,51,3407.946484
-1114.0,115,3408.549926
-1033.0,34,3408.825324
-1008.0,9,3409.873585
-1048.0,49,3410.38768
-1077.0,78,3412.265434
-1030.0,31,3412.265507
-1099.0,100,3419.858364
-1120.0,121,3424.215022
-1093.0,94,3431.056769
-600.0,600,3433.167165
-1191.0,192,3435.002892
-1074.0,75,3441.628796
-1170.0,171,3444.079946
-1097.0,98,3453.062788
-1104.0,105,3456.238971
-1036.0,37,3457.220269
-1196.0,197,3457.59115
-1040.0,41,3461.999483
-1455.0,456,3463.554067
-600.0,600,3463.888577
-1092.0,93,3467.086878
-1474.0,475,3467.633812
-1066.0,67,3469.844592
-1088.0,89,3477.366644
-600.0,600,3477.506663
-1010.0,11,3478.686136
-1045.0,46,3483.007435
-1083.0,84,3488.551569
-1060.0,61,3490.013744
-1021.0,22,3491.132228
-1217.0,218,3493.158329
-600.0,600,3624.642404
-1398.0,399,3627.983921
-1137.0,138,3630.857146
-1088.0,89,3634.504317
-1287.0,288,3650.124686
-1559.0,560,3652.371686
-1211.0,212,3652.371756
-1023.0,24,3655.160028
-600.0,600,3657.330861
-600.0,600,3663.177336
-600.0,600,3683.076139
-1110.0,111,3696.027358
-600.0,600,3700.252995
-1003.0,4,3700.735435
-1403.0,404,3704.216694
-600.0,600,3704.216789
-600.0,600,3719.775167
-600.0,600,3721.910243
-1030.0,31,3723.257673
-600.0,600,3724.590897
-1049.0,50,3727.509807
-1223.0,224,3730.180326
-1256.0,257,3730.647918
-1074.0,75,3732.003479
-600.0,600,3732.885005
-1090.0,91,3743.279843
-1023.0,24,3745.97093
-1381.0,382,3748.304323
-1020.0,21,3750.772062
-1248.0,249,3758.839288
-600.0,600,3765.551583
-1246.0,247,3778.964726
-600.0,600,3794.219391
-600.0,600,3797.255411
-600.0,600,3800.120253
-1179.0,180,3800.335404
-600.0,600,3801.483751
-1122.0,123,3808.680839
-1017.0,18,3810.796233
-600.0,600,3815.949388
-1194.0,195,3820.207038
-1474.0,475,3821.242896
-1182.0,183,3821.909687
-1056.0,57,3822.865852
-1214.0,215,3825.829799
-1008.0,9,3826.832346
-600.0,600,3829.062909
-1027.0,28,3830.089248
-1106.0,107,3834.479898
-1201.0,202,3834.706875
-1128.0,129,3850.380626
-1180.0,181,3852.193319
-1083.0,84,3861.01106
-1219.0,220,3861.649657
-1318.0,319,3861.649738
-1343.0,344,3862.194008
-1039.0,40,3865.847584
-600.0,600,3873.753519
-94.0,95,3884.935884
-1334.0,335,3892.451452
-600.0,600,3893.365951
-1112.0,113,3898.554523
-600.0,600,3901.29918
-1268.0,269,3923.610559
-1283.0,284,3930.676324
-600.0,600,3931.353535
-600.0,600,3931.35363
-600.0,600,3931.849944
-600.0,600,3935.646888
-1065.0,66,3938.788687
-1115.0,116,3945.665266
-1002.0,3,3945.998264
-1080.0,81,3948.821865
-1028.0,29,3949.659844
-600.0,600,3964.240008
-1041.0,42,3969.1471
-1311.0,312,3969.423577
-600.0,600,3972.091185
-1466.0,467,3979.321607
-1140.0,141,3985.770789
-1033.0,34,3989.915687
-1447.0,448,4002.11474
-600.0,600,4003.952205
-600.0,600,4007.753504
-600.0,600,4021.162084
-1016.0,17,4023.153811
-600.0,600,4040.849809
-600.0,600,4043.684265
-600.0,600,4050.673588
-600.0,600,4060.933962
-600.0,600,4073.191644
-600.0,600,4074.912175
-600.0,600,4078.714948
-600.0,600,4093.928514
-600.0,600,4111.992849
-600.0,600,4114.881729
-600.0,600,4122.188105
-600.0,600,4133.228155
-600.0,600,4145.455871
-600.0,600,4147.361234
-600.0,600,4150.994106
-600.0,600,4166.036028
-600.0,600,4183.704104
-600.0,600,4186.573121
-600.0,600,4194.038347
-1135.0,136,4199.93143
-600.0,600,4204.17025
-600.0,600,4401.549801
-600.0,600,4403.283228
-600.0,600,4407.03479
-600.0,600,4422.059152
-1086.0,87,4432.208969
-1023.0,24,4435.054153
-600.0,600,4442.399931
-600.0,600,4449.488565
-600.0,600,4455.220641
-600.0,600,4459.590998
-600.0,600,4472.311104
-600.0,600,4474.112219
-600.0,600,4477.870551
-600.0,600,4506.862899
-600.0,600,4514.184838
-600.0,600,4521.379302
-600.0,600,4527.483382
-600.0,600,4532.011769
-1085.0,86,4542.584393
-600.0,600,4544.638523
-600.0,600,4546.31628
-600.0,600,4549.916179
-600.0,600,4578.967958
-600.0,600,4586.148667
-600.0,600,4593.504619
-600.0,600,4599.721909
-600.0,600,4614.715906
-600.0,600,4616.863071
-600.0,600,4618.755191
-600.0,600,4622.698607
-600.0,600,4651.819393
-600.0,600,4658.777241
-600.0,600,4665.922359
-600.0,600,4672.170549
-600.0,600,4687.037152
-600.0,600,4689.154932
-600.0,600,4690.86578
-600.0,600,4694.793535
-600.0,600,4723.545851
-600.0,600,4731.05395
-600.0,600,4738.41906
-600.0,600,4744.693164
-600.0,600,4759.842612
-600.0,600,4762.116334
-600.0,600,4763.911771
-600.0,600,4767.668816
-600.0,600,4796.002209
-600.0,600,4803.020496
-600.0,600,4810.587144
-600.0,600,4816.86094
-600.0,600,4831.51035
-600.0,600,4833.557448
-600.0,600,4835.409949
-600.0,600,4839.013629
-600.0,600,4867.583109
-1002.0,3,4867.930003
-600.0,600,4875.015214
-600.0,600,4882.173779
-600.0,600,4888.309805
-600.0,600,4903.367042
-600.0,600,4905.526651
-600.0,600,4907.302992
-600.0,600,4910.919857
-600.0,600,4940.538565
-600.0,600,4947.455114
-600.0,600,4954.827786
-600.0,600,4961.019171
-600.0,600,4975.612863
-600.0,600,4977.751426
-600.0,600,4979.545373
-600.0,600,4983.14401
-600.0,600,5199.18002
-600.0,600,5205.750015
-600.0,600,5213.037278
-600.0,600,5219.188779
-600.0,600,5233.686395
-600.0,600,5235.702493
-600.0,600,5237.549795
-600.0,600,5241.498673
-600.0,600,5270.868026
-600.0,600,5277.704015
-600.0,600,5285.240735
-600.0,600,5291.799654
-600.0,600,5306.755485
-600.0,600,5308.852587
-600.0,600,5310.67976
-600.0,600,5314.474502
-600.0,600,5343.182995
-1009.0,10,5344.309674
-600.0,600,5349.763929
-600.0,600,5356.959675
-600.0,600,5363.39063
-555.0,556,5374.875322
-600.0,600,5377.98801
-600.0,600,5382.156393
-600.0,600,5386.003491
-600.0,600,5416.626227
-600.0,600,5422.226796
-600.0,600,5429.743496
-1397.0,398,5433.932678
-600.0,600,5435.77195
-483.0,484,5440.768247
-1103.0,104,5446.820462
-600.0,600,5447.921336
-600.0,600,5451.219456
-1396.0,397,5477.986395
-1309.0,310,5484.601553
-1276.0,277,5484.750519
-600.0,600,5489.651282
-600.0,600,5495.072728
-1100.0,101,5496.626751
-600.0,600,5508.428838
-600.0,600,5513.269489
-600.0,600,5520.141351
-1101.0,102,5525.710127
-304.0,305,5533.104782
-510.0,511,5546.280857
-600.0,600,5550.48445
-1019.0,20,5553.020179
-1054.0,55,5553.154191
-600.0,600,5562.253841
-600.0,600,5567.552516
-600.0,600,5581.599447
-600.0,600,5593.555343
-600.0,600,5598.744749
-600.0,600,5606.40505
-600.0,600,5626.115784
-600.0,600,5626.220737
-600.0,600,5635.286406
-600.0,600,5640.984581
-600.0,600,5655.036447
-1490.0,491,5666.664252
-600.0,600,5666.778978
-600.0,600,5672.159546
-1437.0,438,5688.966931
-1468.0,469,5698.470067
-1360.0,361,5699.066195
-600.0,600,5699.56066
-600.0,600,5699.675798
-1050.0,51,5704.745239
-1254.0,255,5730.380417
-600.0,600,5739.236376
-600.0,600,5739.348098
-1441.0,442,5742.299813
-600.0,600,5744.761964
-1054.0,55,5749.079762
-1182.0,183,5752.283728
-1032.0,33,5756.234013
-600.0,600,5771.016067
-600.0,600,5771.641252
-600.0,600,5776.23549
-1086.0,87,5786.557986
-600.0,600,5996.832261
-600.0,600,5996.979353
-600.0,600,6002.489253
-600.0,600,6006.673992
-1449.0,450,6011.362553
-600.0,600,6013.627425
-1077.0,78,6022.929706
-600.0,600,6028.632058
-600.0,600,6044.976992
-1200.0,201,6053.281454
-600.0,600,6069.474128
-600.0,600,6069.622971
-600.0,600,6075.216784
-600.0,600,6079.4932
-600.0,600,6084.280528
-600.0,600,6095.902925
-1504.0,505,6106.455439
-1319.0,320,6108.705719
-600.0,600,6125.638311
-1163.0,164,6125.754463
-600.0,600,6140.988002
-600.0,600,6146.51106
-600.0,600,6150.453142
-600.0,600,6155.089292
-1433.0,434,6159.371501
-600.0,600,6166.827752
-600.0,600,6197.016761
-600.0,600,6197.133997
-600.0,600,6213.345176
-600.0,600,6219.021545
-600.0,600,6223.224944
-600.0,600,6228.345468
-600.0,600,6232.748998
-600.0,600,6240.566424
-600.0,600,6270.524073
-600.0,600,6270.667657
-600.0,600,6287.012518
-600.0,600,6292.449777
-600.0,600,6296.513477
-600.0,600,6301.421508
-600.0,600,6305.79673
-600.0,600,6313.383128
-600.0,600,6343.088874
-600.0,600,6343.217845
-600.0,600,6359.108283
-600.0,600,6364.616396
-600.0,600,6368.684544
-600.0,600,6373.384593
-600.0,600,6377.754249
-600.0,600,6384.965556
-1591.0,592,6414.282953
-600.0,600,6415.135291
-600.0,600,6431.208094
-600.0,600,6436.716835
-600.0,600,6440.709534
-600.0,600,6445.475273
-1032.0,33,6449.701431
-600.0,600,6449.913107
-600.0,600,6457.401551
-600.0,600,6486.557019
-600.0,600,6487.413185
-600.0,600,6503.852974
-600.0,600,6509.360286
-600.0,600,6513.576931
-600.0,600,6521.996692
-600.0,600,6522.210862
-600.0,600,6529.646103
-600.0,600,6558.346537
-600.0,600,6559.286176
-600.0,600,6575.681105
-600.0,600,6769.828739
-600.0,600,6774.0487
-600.0,600,6783.207774
-600.0,600,6783.489637
-600.0,600,6790.994774
-600.0,600,6820.302148
-600.0,600,6821.214535
-600.0,600,6837.899962
-600.0,600,6843.716779
-600.0,600,6847.727299
-600.0,600,6856.532778
-600.0,600,6856.788703
-600.0,600,6864.719973
-600.0,600,6894.962322
-600.0,600,6895.87599
-600.0,600,6912.210294
-600.0,600,6917.797498
-600.0,600,6922.002633
-600.0,600,6930.999775
-600.0,600,6931.221085
-600.0,600,6939.020026
-600.0,600,6968.827576
-600.0,600,6969.706563
-600.0,600,6986.294594
-600.0,600,6991.613817
-600.0,600,6995.837886
-600.0,600,7004.783588
-600.0,600,7005.030733
-600.0,600,7013.040492
-1222.0,223,7031.697055
-600.0,600,7041.670597
-600.0,600,7042.494646
-600.0,600,7058.571059
-600.0,600,7064.157273
-600.0,600,7068.306401
-1485.0,486,7071.021546
-1254.0,255,7072.146206
-600.0,600,7077.190625
-600.0,600,7104.643086
-600.0,600,7115.384347
-600.0,600,7131.488334
-600.0,600,7137.124742
-600.0,600,7141.055686
-600.0,600,7144.080615
-600.0,600,7145.426803
-1595.0,596,7150.131601
-1110.0,111,7150.908546
-1324.0,325,7155.098515
-600.0,600,7177.814647
-1318.0,319,7184.75082
-600.0,600,7204.981174
-600.0,600,7215.0895
-600.0,600,7217.918447
-600.0,600,7223.651033
-600.0,600,7224.359336
-600.0,600,7228.246005
-1471.0,472,7235.275748
-600.0,600,7257.584366
-600.0,600,7277.914207
-600.0,600,7287.914903
-600.0,600,7290.728066
-600.0,600,7296.148917
-600.0,600,7296.803367
-600.0,600,7300.705764
-600.0,600,7307.615667
-600.0,600,7329.544205
-1296.0,297,7331.336336
-1486.0,487,7348.631213
-600.0,600,7349.761944
-1201.0,202,7353.999182
-600.0,600,7359.461667
-600.0,600,7368.982055
-600.0,600,7373.081712
-600.0,600,7567.969782
-600.0,600,7592.750177
-600.0,600,7610.550429
-600.0,600,7611.707124
-600.0,600,7615.995352
-600.0,600,7621.594469
-1574.0,575,7627.838222
-1155.0,156,7630.88105
-600.0,600,7635.163508
-600.0,600,7642.084866
-600.0,600,7667.028665
-600.0,600,7684.696416
-1002.0,3,7685.081139
-600.0,600,7690.12114
-600.0,600,7695.270193
-600.0,600,7701.50981
-600.0,600,7704.315772
-600.0,600,7708.669948
-600.0,600,7715.8151
-600.0,600,7740.300863
-600.0,600,7758.091274
-600.0,600,7763.087246
-600.0,600,7768.71139
-600.0,600,7775.098541
-600.0,600,7778.105073
-600.0,600,7782.431646
-600.0,600,7789.264269
-600.0,600,7813.596344
-1448.0,449,7823.511544
-600.0,600,7831.262584
-600.0,600,7836.317096
-600.0,600,7848.236027
-600.0,600,7851.136184
-600.0,600,7855.45084
-600.0,600,7862.579613
-600.0,600,7887.22843
-600.0,600,7897.259115
-600.0,600,7905.362935
-600.0,600,7910.469907
-600.0,600,7922.462804
-600.0,600,7925.400145
-600.0,600,7929.905811
-600.0,600,7937.075435
-1236.0,237,7955.42906
-600.0,600,7961.99715
-600.0,600,7972.015147
-1388.0,389,7978.184473
-600.0,600,7979.793176
-600.0,600,7984.497123
-600.0,600,7996.435886
-600.0,600,8010.882786
-1556.0,557,8023.57506
-1503.0,504,8033.823275
-600.0,600,8035.727125
-1579.0,580,8049.005978
-1236.0,237,8052.424433
-600.0,600,8053.384741
-1194.0,195,8057.64493
-600.0,600,8058.440399
-600.0,600,8070.456334
-1238.0,239,8078.665771
-600.0,600,8084.801305
-600.0,600,8109.081291
-600.0,600,8126.034105
-600.0,600,8126.859497
-600.0,600,8130.877362
-600.0,600,8131.743631
-1098.0,99,8137.980252
-600.0,600,8143.572052
-600.0,600,8151.846018
-1246.0,247,8157.026535
-600.0,600,8157.898888
-1175.0,176,8173.347237
-600.0,600,8358.298055
-1438.0,439,8372.66685
-600.0,600,8379.799024
-600.0,600,8380.577944
-1433.0,434,8386.133311
-600.0,600,8386.605344
-1134.0,135,8397.227757
-1169.0,170,8400.513912
-600.0,600,8405.728632
-600.0,600,8422.445683
-600.0,600,8431.40946
-600.0,600,8446.772037
-1522.0,523,8451.488569
-600.0,600,8460.269426
-1591.0,592,8470.275041
-600.0,600,8474.646136
-1565.0,566,8475.844152
-600.0,600,8496.685349
-1421.0,422,8503.524924
-600.0,600,8505.573595
-600.0,600,8520.00551
-1449.0,450,8525.221941
-600.0,600,8533.976214
-600.0,600,8547.870643
-600.0,600,8548.947544
-1338.0,339,8561.299493
-1485.0,486,8562.140279
-1275.0,276,8567.210008
-600.0,600,8569.334373
-600.0,600,8578.804793
-600.0,600,8599.383666
-600.0,600,8622.071991
-600.0,600,8623.200558
-1099.0,100,8634.430842
-600.0,600,8635.922956
-600.0,600,8636.739184
-600.0,600,8641.476156
-600.0,600,8643.499863
-600.0,600,8652.302459
-600.0,600,8672.658274
-600.0,600,8696.465099
-600.0,600,8707.86289
-600.0,600,8709.523459
-600.0,600,8710.448565
-600.0,600,8715.847482
-600.0,600,8717.932556
-600.0,600,8727.20273
-600.0,600,8747.596463
-600.0,600,8770.914574
-600.0,600,8781.874644
-600.0,600,8783.438313
-600.0,600,8784.345696
-600.0,600,8789.451062
-600.0,600,8791.520179
-600.0,600,8800.627669
-600.0,600,8820.967348
-600.0,600,8844.936659
-1508.0,509,8852.266778
-600.0,600,8856.08955
-600.0,600,8857.584291
-600.0,600,8858.479023
-600.0,600,8865.370745
-600.0,600,8874.294139
-600.0,600,8894.635001
-600.0,600,8917.785476
-600.0,600,8925.1944
-600.0,600,8928.757029
-600.0,600,8930.347771
-600.0,600,8931.195732
-600.0,600,8938.143308
-600.0,600,8947.196047
-600.0,600,9157.338623
-600.0,600,9181.341851
-600.0,600,9188.204526
-600.0,600,9192.055341
-600.0,600,9193.515089
-600.0,600,9194.423277
-600.0,600,9201.600258
-600.0,600,9210.422691
-600.0,600,9230.887198
-1421.0,422,9232.829012
-1398.0,399,9250.790403
-600.0,600,9262.520008
-600.0,600,9266.164965
-600.0,600,9267.633704
-600.0,600,9268.449186
-600.0,600,9284.534691
-600.0,600,9304.579552
-600.0,600,9306.667852
-600.0,600,9324.610059
-600.0,600,9335.994143
-600.0,600,9339.980985
-600.0,600,9341.480915
-600.0,600,9342.379759
-1161.0,162,9344.626138
-600.0,600,9358.416812
-600.0,600,9379.04792
-600.0,600,9381.112989
-600.0,600,9410.809027
-600.0,600,9414.646868
-600.0,600,9416.183354
-600.0,600,9417.131324
-600.0,600,9419.493769
-600.0,600,9433.653256
-600.0,600,9453.829067
-600.0,600,9455.993189
-600.0,600,9485.455525
-600.0,600,9489.155164
-600.0,600,9490.601795
-600.0,600,9491.383703
-600.0,600,9493.766168
-600.0,600,9507.614196
-600.0,600,9527.738907
-600.0,600,9529.660189
-600.0,600,9559.247418
-600.0,600,9562.78294
-600.0,600,9564.343372
-600.0,600,9565.236971
-600.0,600,9567.471035
-600.0,600,9581.518086
-600.0,600,9601.942502
-600.0,600,9604.210827
-600.0,600,9632.981788
-600.0,600,9636.940825
-600.0,600,9638.357747
-600.0,600,9639.22853
-600.0,600,9641.688753
-600.0,600,9655.763365
-600.0,600,9676.291878
-600.0,600,9678.550581
-600.0,600,9708.05764
-600.0,600,9712.085936
-600.0,600,9713.625016
-600.0,600,9714.487098
-600.0,600,9716.799692
-600.0,600,9730.411335
-1254.0,255,9739.454103
-600.0,600,9750.522761
-600.0,600,9752.630517
-600.0,600,9975.203806
-600.0,600,9976.786583
-600.0,600,9977.612532
-600.0,600,9979.730947
-518.0,519,9983.442477
-600.0,600,10002.603908
-600.0,600,10013.68386
-600.0,600,10015.834578
-600.0,600,10048.681839
-600.0,600,10050.196204
-600.0,600,10051.06897
-600.0,600,10053.507007
-600.0,600,10057.275567
-1184.0,185,10074.13073
-600.0,600,10076.785142
-600.0,600,10087.678447
-600.0,600,10089.66454
-600.0,600,10123.009571
-600.0,600,10124.452692
-600.0,600,10127.795793
-600.0,600,10131.689862
-600.0,600,10148.284221
-600.0,600,10150.737425
-600.0,600,10161.025732
-600.0,600,10163.247182
-600.0,600,10196.250082
-600.0,600,10197.788236
-600.0,600,10201.117378
-600.0,600,10204.666326
-600.0,600,10220.777813
-600.0,600,10223.303533
-600.0,600,10234.326347
-600.0,600,10236.339354
-600.0,600,10269.804971
-600.0,600,10271.348349
-600.0,600,10274.557867
-600.0,600,10278.341589
-600.0,600,10295.102698
-600.0,600,10297.634104
-600.0,600,10308.989933
-600.0,600,10311.142641
-600.0,600,10343.37737
-600.0,600,10344.775868
-600.0,600,10347.859475
-600.0,600,10351.594823
-1486.0,487,10357.049947
-600.0,600,10368.928241
-600.0,600,10381.875612
-600.0,600,10384.027119
-600.0,600,10416.895562
-600.0,600,10418.266152
-600.0,600,10421.441862
-600.0,600,10425.529089
-600.0,600,10430.639741
-600.0,600,10441.561764
-600.0,600,10455.129863
-600.0,600,10457.319688
-600.0,600,10489.761606
-600.0,600,10491.176682
-600.0,600,10494.508113
-600.0,600,10498.286728
-600.0,600,10503.452027
-600.0,600,10515.208966
-600.0,600,10528.576194
-600.0,600,10530.711015
-1343.0,344,10557.098202
-600.0,600,10563.2394
-600.0,600,10564.726264
-600.0,600,10567.770838
-600.0,600,10571.43883
-600.0,600,10765.966994
-600.0,600,10789.248741
-600.0,600,10791.315829
-600.0,600,10816.677149
-600.0,600,10822.819285
-600.0,600,10824.29597
-600.0,600,10827.42355
-600.0,600,10831.231586
-600.0,600,10836.248267
-600.0,600,10859.619419
-600.0,600,10861.550666
-600.0,600,10887.000193
-600.0,600,10893.237904
-600.0,600,10894.710266
-600.0,600,10897.885757
-600.0,600,10901.385327
-600.0,600,10906.326441
-600.0,600,10930.177277
-600.0,600,10932.128807
-1024.0,25,10935.169081
-600.0,600,10957.556603
-600.0,600,10963.844203
-600.0,600,10965.33207
-600.0,600,10968.311762
-600.0,600,10971.895147
-600.0,600,10976.962148
-600.0,600,11000.585805
-600.0,600,11005.687817
-600.0,600,11028.487087
-600.0,600,11034.251198
-600.0,600,11035.550973
-600.0,600,11038.47625
-600.0,600,11042.113638
-600.0,600,11047.083153
-600.0,600,11070.525367
-600.0,600,11075.294823
-600.0,600,11097.705622
-600.0,600,11103.781971
-600.0,600,11105.215418
-600.0,600,11108.241665
-600.0,600,11111.907376
-600.0,600,11116.878779
-600.0,600,11140.736057
-600.0,600,11145.727583
-600.0,600,11168.139685
-600.0,600,11174.215034
-600.0,600,11175.620207
-600.0,600,11178.756259
-600.0,600,11182.484197
-600.0,600,11187.540879
-600.0,600,11211.853287
-600.0,600,11216.878488
-600.0,600,11239.138311
-600.0,600,11245.276691
-600.0,600,11246.805675
-600.0,600,11249.743143
-600.0,600,11253.411866
-600.0,600,11258.380212
-600.0,600,11281.613686
-600.0,600,11286.371046
-600.0,600,11308.748993
-600.0,600,11314.801622
-600.0,600,11316.271489
-600.0,600,11319.436808
-600.0,600,11323.118747
-1560.0,561,11323.439714
-600.0,600,11541.085369
-600.0,600,11545.713299
-600.0,600,11567.046854
-600.0,600,11573.005453
-600.0,600,11574.384426
-600.0,600,11577.477655
-600.0,600,11581.158758
-600.0,600,11581.528973
-600.0,600,11610.177352
-600.0,600,11615.471255
-600.0,600,11638.60738
-600.0,600,11644.774621
-600.0,600,11646.04665
-600.0,600,11648.915353
-600.0,600,11652.501127
-600.0,600,11652.861233
-600.0,600,11681.150532
-600.0,600,11685.971177
-600.0,600,11708.499303
-600.0,600,11714.448217
-600.0,600,11715.746184
-600.0,600,11718.848995
-600.0,600,11722.650022
-600.0,600,11722.996882
-1170.0,171,11734.504661
-1170.0,171,11742.800716
-600.0,600,11751.20461
-600.0,600,11756.14365
-600.0,600,11779.02342
-600.0,600,11786.864149
-600.0,600,11789.962423
-600.0,600,11793.905026
-1022.0,23,11796.671439
-600.0,600,11805.567436
-600.0,600,11813.561627
-600.0,600,11821.93626
-600.0,600,11826.69796
-600.0,600,11848.635733
-600.0,600,11856.172609
-600.0,600,11859.063829
-600.0,600,11865.736346
-600.0,600,11874.586736
-600.0,600,11882.866067
-600.0,600,11891.541199
-600.0,600,11896.422103
-600.0,600,11918.850954
-600.0,600,11926.438352
-600.0,600,11929.424987
-600.0,600,11936.054735
-600.0,600,11944.709032
-600.0,600,11952.709841
-600.0,600,11961.024018
-600.0,600,11965.930035
-600.0,600,11988.618351
-600.0,600,11995.93033
-600.0,600,11998.814589
-600.0,600,12005.665311
-600.0,600,12014.534536
-600.0,600,12022.857867
-600.0,600,12031.959641
-600.0,600,12036.90046
-600.0,600,12059.055092
-600.0,600,12066.641755
-600.0,600,12069.635988
-600.0,600,12076.328725
-600.0,600,12085.118432
-600.0,600,12093.174551
-600.0,600,12101.743506
-600.0,600,12106.544752
-600.0,600,12319.345982
-600.0,600,12326.727874
-600.0,600,12329.833473
-600.0,600,12336.480893
-600.0,600,12345.177302
-600.0,600,12353.285054
-600.0,600,12361.979805
-600.0,600,12366.647357
-600.0,600,12388.929978
-600.0,600,12396.702481
-600.0,600,12399.835513
-600.0,600,12406.57171
-600.0,600,12415.694144
-600.0,600,12423.855366
-600.0,600,12432.652332
-600.0,600,12437.442669
-1147.0,148,12441.348301
-600.0,600,12460.166236
-600.0,600,12467.679838
-600.0,600,12470.76284
-600.0,600,12477.419481
-600.0,600,12485.854855
-600.0,600,12502.469002
-600.0,600,12507.419564
-600.0,600,12511.214921
-600.0,600,12530.102584
-600.0,600,12537.751712
-600.0,600,12540.878344
-600.0,600,12547.702451
-600.0,600,12556.436129
-600.0,600,12572.91636
-600.0,600,12577.982355
-600.0,600,12581.631627
-600.0,600,12600.094864
-600.0,600,12607.523577
-600.0,600,12610.500012
-600.0,600,12617.323344
-600.0,600,12626.198981
-600.0,600,12642.994264
-600.0,600,12647.766069
-600.0,600,12651.765837
-483.0,484,12664.333082
-600.0,600,12670.434835
-600.0,600,12680.634178
-600.0,600,12687.423683
-600.0,600,12696.497047
-600.0,600,12713.430641
-600.0,600,12718.272837
-600.0,600,12721.924821
-600.0,600,12734.665547
-600.0,600,12740.776268
-600.0,600,12751.355025
-600.0,600,12758.00868
-600.0,600,12766.828731
-600.0,600,12783.316705
-600.0,600,12788.126839
-600.0,600,12791.976223
-600.0,600,12804.618377
-600.0,600,12810.707061
-600.0,600,12821.399936
-600.0,600,12828.196939
-600.0,600,12837.071354
-600.0,600,12854.238804
-600.0,600,12859.168519
-600.0,600,12862.864877
-1441.0,442,12873.697299
-600.0,600,12875.62759
-600.0,600,12881.793396
-600.0,600,12898.927537
-600.0,600,13094.467778
-600.0,600,13110.984591
-600.0,600,13116.017376
-600.0,600,13119.930063
-600.0,600,13130.704915
-600.0,600,13132.434322
-600.0,600,13138.523029
-600.0,600,13156.29025
-600.0,600,13165.253867
-600.0,600,13181.930713
-600.0,600,13186.990715
-600.0,600,13190.895828
-600.0,600,13201.392173
-600.0,600,13203.134982
-600.0,600,13209.537867
-600.0,600,13226.617947
-600.0,600,13235.690518
-600.0,600,13252.453431
-600.0,600,13257.386818
-600.0,600,13261.208992
-600.0,600,13272.075315
-600.0,600,13273.889475
-600.0,600,13279.870082
-600.0,600,13296.866409
-600.0,600,13305.709735
-600.0,600,13322.274805
-600.0,600,13326.965306
-600.0,600,13330.79962
-600.0,600,13341.122174
-600.0,600,13343.001853
-600.0,600,13349.184019
-600.0,600,13366.851652
-600.0,600,13375.844256
-600.0,600,13392.819223
-600.0,600,13397.761951
-600.0,600,13401.620371
-600.0,600,13412.279528
-600.0,600,13414.21342
-600.0,600,13420.315416
-600.0,600,13437.817468
-600.0,600,13446.912008
-600.0,600,13464.062682
-600.0,600,13468.958173
-600.0,600,13472.714828
-600.0,600,13483.733951
-600.0,600,13485.65323
-600.0,600,13491.727759
-600.0,600,13509.189656
-600.0,600,13517.972791
-600.0,600,13534.05781
-600.0,600,13538.684449
-600.0,600,13542.386744
-600.0,600,13553.206952
-600.0,600,13555.179179
-600.0,600,13561.303861
-600.0,600,13578.375725
-600.0,600,13587.301812
-600.0,600,13604.094641
-600.0,600,13609.102835
-600.0,600,13612.95763
-600.0,600,13623.763728
-600.0,600,13625.667391
-600.0,600,13631.596499
-600.0,600,13648.709608
-600.0,600,13657.805655
-600.0,600,13861.338226
-600.0,600,13866.051491
-600.0,600,13869.526179
-600.0,600,13880.204104
-600.0,600,13882.007864
-600.0,600,13887.926095
-600.0,600,13905.122184
-600.0,600,13914.178431
-600.0,600,13931.146727
-600.0,600,13936.159165
-600.0,600,13939.93371
-600.0,600,13951.099105
-600.0,600,13952.887527
-600.0,600,13959.077042
-600.0,600,13976.925989
-600.0,600,13985.717894
-600.0,600,14002.479041
-600.0,600,14007.343573
-600.0,600,14010.862054
-600.0,600,14021.644139
-600.0,600,14023.482938
-600.0,600,14029.75525
-600.0,600,14046.733154
-600.0,600,14055.839442
-600.0,600,14072.32167
-600.0,600,14077.088268
-600.0,600,14080.72527
-600.0,600,14091.404693
-600.0,600,14093.317256
-600.0,600,14099.55288
-600.0,600,14117.155671
-600.0,600,14125.818583
-600.0,600,14142.30834
-600.0,600,14147.47026
-600.0,600,14151.245268
-600.0,600,14162.141934
-600.0,600,14164.050785
-600.0,600,14169.836347
-600.0,600,14186.959606
-600.0,600,14195.796914
-600.0,600,14212.461068
-600.0,600,14217.289964
-600.0,600,14221.046535
-600.0,600,14231.917579
-600.0,600,14233.873028
-600.0,600,14239.995678
-600.0,600,14256.714839
-600.0,600,14265.2994
-600.0,600,14282.358753
-600.0,600,14287.27712
-600.0,600,14290.973092
-600.0,600,14301.528752
-600.0,600,14303.404258
-600.0,600,14309.37388
-600.0,600,14327.306598
-600.0,600,14336.554223
-600.0,600,14353.600866
-600.0,600,14358.747644
-600.0,600,14362.526209
-600.0,600,14373.147172
-600.0,600,14375.149519
-600.0,600,14381.49176
-600.0,600,14398.546892
-600.0,600,14407.682697
-600.0,600,14424.747172
-600.0,600,14429.369801
-600.0,600,14432.92554
-600.0,600,14443.629194
-600.0,600,14445.329656
-600.0,600,14645.436973
-600.0,600,14662.291685
-600.0,600,14671.018391
-600.0,600,14687.433359
-600.0,600,14692.439905
-600.0,600,14696.375785
-600.0,600,14707.028126
-600.0,600,14708.826134
-600.0,600,14714.792323
-600.0,600,14732.132738
-600.0,600,14741.155534
-600.0,600,14758.120746
-600.0,600,14763.072592
-600.0,600,14766.76093
-600.0,600,14777.692795
-600.0,600,14779.687346
-600.0,600,14785.740778
-600.0,600,14802.694064
-600.0,600,14811.442805
-600.0,600,14828.29836
-600.0,600,14833.210661
-600.0,600,14837.083245
-600.0,600,14848.09666
-600.0,600,14849.913994
-600.0,600,14855.771003
-600.0,600,14872.724548
-600.0,600,14881.739088
-600.0,600,14898.122538
-600.0,600,14902.979507
-600.0,600,14906.520128
-600.0,600,14917.605062
-600.0,600,14919.408124
-600.0,600,14925.480846
-600.0,600,14942.710739
-600.0,600,14951.529586
-600.0,600,14968.216504
-600.0,600,14973.248238
-600.0,600,14976.972379
-600.0,600,14987.560338
-600.0,600,14989.444365
-600.0,600,14995.762803
-600.0,600,15013.06731
-600.0,600,15021.950958
-600.0,600,15038.905001
-600.0,600,15043.762748
-600.0,600,15047.693732
-600.0,600,15058.133046
-600.0,600,15059.956488
-600.0,600,15066.095108
-600.0,600,15083.295959
-600.0,600,15092.19878
-600.0,600,15108.779004
-600.0,600,15113.870787
-600.0,600,15117.504879
-600.0,600,15128.488299
-600.0,600,15130.449706
-600.0,600,15136.704012
-600.0,600,15154.105716
-600.0,600,15163.268931
-600.0,600,15179.81427
-600.0,600,15184.966013
-600.0,600,15188.83745
-600.0,600,15199.28253
-600.0,600,15201.112591
-600.0,600,15207.265315
-600.0,600,15224.388455
-600.0,600,15425.733536
-600.0,600,15442.639843
-600.0,600,15447.567462
-600.0,600,15451.422987
-600.0,600,15461.922145
-600.0,600,15463.722861
-600.0,600,15469.781019
-600.0,600,15486.831387
-600.0,600,15495.819708
-600.0,600,15512.658323
-600.0,600,15517.77976
-600.0,600,15521.510548
-600.0,600,15532.367922
-600.0,600,15534.119479
-600.0,600,15540.277535
-600.0,600,15557.642087
-600.0,600,15566.751651
-600.0,600,15583.269626
-600.0,600,15588.321265
-600.0,600,15592.162521
-600.0,600,15602.978461
-600.0,600,15604.897582
-600.0,600,15610.856581
-600.0,600,15628.051186
-600.0,600,15637.148744
-1508.0,509,15643.344847
-600.0,600,15659.469849
-600.0,600,15663.318267
-600.0,600,15674.187122
-600.0,600,15676.132555
-600.0,600,15681.958512
-600.0,600,15698.844241
-600.0,600,15707.436274
-600.0,600,15713.41212
-600.0,600,15729.167326
-600.0,600,15732.837542
-600.0,600,15743.739692
-600.0,600,15745.585174
-600.0,600,15751.277928
-600.0,600,15768.649064
-600.0,600,15777.164196
-600.0,600,15782.943343
-600.0,600,15798.54057
-600.0,600,15802.221928
-600.0,600,15812.858078
-600.0,600,15814.872361
-600.0,600,15821.090075
-600.0,600,15838.956889
-600.0,600,15847.725081
-600.0,600,15853.694643
-600.0,600,15869.902099
-600.0,600,15873.600123
-600.0,600,15884.240976
-600.0,600,15886.290491
-600.0,600,15892.268771
-600.0,600,15909.18752
-600.0,600,15917.949469
-600.0,600,15924.13407
-600.0,600,15939.563536
-600.0,600,15943.428381
-600.0,600,15953.980838
-600.0,600,15955.749048
-600.0,600,15961.959856
-600.0,600,15979.240854
-600.0,600,15987.994075
-600.0,600,15994.444987
-600.0,600,16209.148661
-600.0,600,16212.691451
-600.0,600,16223.224109
-600.0,600,16225.165218
-600.0,600,16231.150703
-600.0,600,16248.191306
-600.0,600,16257.173784
-600.0,600,16263.308591
-600.0,600,16279.233517
-600.0,600,16282.912745
-600.0,600,16293.693019
-600.0,600,16295.608957
-600.0,600,16301.796708
-600.0,600,16319.467674
-600.0,600,16328.603312
-600.0,600,16334.910936
-600.0,600,16350.540376
-600.0,600,16354.312154
-1096.0,97,16361.983075
-600.0,600,16365.113765
-600.0,600,16366.85814
-600.0,600,16372.745383
-600.0,600,16389.474684
-600.0,600,16397.747959
-600.0,600,16403.716169
-600.0,600,16422.961837
-600.0,600,16430.680863
-600.0,600,16433.777638
-600.0,600,16435.679474
-600.0,600,16441.85378
-600.0,600,16459.225181
-600.0,600,16467.88842
-600.0,600,16473.736951
-600.0,600,16492.566596
-600.0,600,16500.021314
-600.0,600,16503.145358
-600.0,600,16505.03909
-600.0,600,16511.229787
-600.0,600,16528.555324
-600.0,600,16537.297888
-600.0,600,16543.56937
-600.0,600,16562.93086
-600.0,600,16570.382608
-600.0,600,16573.29263
-600.0,600,16575.094612
-600.0,600,16580.933656
-600.0,600,16597.593071
-600.0,600,16606.318722
-600.0,600,16612.456798
-600.0,600,16631.755252
-600.0,600,16639.016538
-600.0,600,16642.156142
-600.0,600,16643.982334
-600.0,600,16649.844973
-600.0,600,16667.047784
-1549.0,550,16670.197391
-600.0,600,16681.95666
-600.0,600,16700.858989
-600.0,600,16708.059269
-600.0,600,16711.181814
-600.0,600,16713.056812
-600.0,600,16719.089723
-600.0,600,16736.214491
-600.0,600,16739.145787
-600.0,600,16750.776351
-1484.0,485,16764.26081
-600.0,600,16769.90313
-600.0,600,16780.295072
-600.0,600,16782.242174
-600.0,600,16982.041468
-600.0,600,16998.594545
-600.0,600,17001.583731
-600.0,600,17013.279203
-600.0,600,17026.636052
-600.0,600,17032.202337
-600.0,600,17043.130022
-600.0,600,17044.932108
-600.0,600,17050.637157
-600.0,600,17067.522143
-600.0,600,17070.405077
-600.0,600,17081.674462
-600.0,600,17094.615228
-600.0,600,17100.23801
-600.0,600,17111.054274
-600.0,600,17112.871548
-600.0,600,17118.985434
-600.0,600,17136.149281
-600.0,600,17139.127422
-600.0,600,17151.075518
-600.0,600,17164.470561
-600.0,600,17170.334918
-600.0,600,17180.933312
-600.0,600,17182.907627
-600.0,600,17188.711858
-600.0,600,17205.28902
-600.0,600,17208.311915
-600.0,600,17219.479802
-1142.0,143,17224.277765
-600.0,600,17232.550414
-600.0,600,17238.331334
-600.0,600,17248.847122
-600.0,600,17250.742967
-600.0,600,17256.410844
-600.0,600,17273.005613
-600.0,600,17287.48883
-600.0,600,17292.202621
-600.0,600,17300.94695
-600.0,600,17306.653843
-600.0,600,17317.025757
-600.0,600,17318.912435
-600.0,600,17324.836552
-600.0,600,17341.732533
-600.0,600,17356.250204
-600.0,600,17360.838154
-600.0,600,17369.234478
-600.0,600,17375.125505
-600.0,600,17385.650445
-600.0,600,17387.471676
-600.0,600,17393.584675
-600.0,600,17410.192451
-600.0,600,17424.821531
-600.0,600,17429.458006
-600.0,600,17438.420626
-600.0,600,17444.37845
-600.0,600,17454.636684
-600.0,600,17456.395528
-600.0,600,17462.063377
-600.0,600,17479.141585
-600.0,600,17493.972956
-600.0,600,17498.705205
-600.0,600,17507.122923
-600.0,600,17512.772389
-600.0,600,17522.906887
-600.0,600,17524.803653
-600.0,600,17530.660529
-1114.0,115,17538.020758
-600.0,600,17547.544868
-600.0,600,17756.399068
-1227.0,228,17758.284049
-1518.0,519,17760.314593
-600.0,600,17761.216958
-600.0,600,17775.80701
-600.0,600,17786.21637
-600.0,600,17794.079801
-600.0,600,17810.906768
-1516.0,517,17815.995502
-600.0,600,17827.312099
-600.0,600,17829.346344
-600.0,600,17830.083011
-600.0,600,17844.356618
-600.0,600,17854.946762
-600.0,600,17862.743423
-600.0,600,17879.51871
-600.0,600,17884.772645
-1336.0,337,17893.831846
-600.0,600,17896.265342
-600.0,600,17898.233779
-600.0,600,17899.05667
-600.0,600,17912.955209
-600.0,600,17931.577731
-600.0,600,17948.236276
-600.0,600,17953.616075
-1586.0,587,17961.034603
-600.0,600,17965.231194
-600.0,600,17967.266396
-600.0,600,17968.0094
-600.0,600,17982.316503
-600.0,600,18000.791337
-600.0,600,18018.181521
-600.0,600,18023.181037
-600.0,600,18030.174714
-600.0,600,18034.192264
-600.0,600,18036.192336
-600.0,600,18037.029321
-600.0,600,18051.473168
-600.0,600,18070.447727
-1310.0,311,18070.697646
-600.0,600,18087.193292
-600.0,600,18092.335566
-600.0,600,18099.782193
-600.0,600,18105.925689
-600.0,600,18106.709149
-600.0,600,18121.43552
-600.0,600,18139.908563
-600.0,600,18140.150692
-600.0,600,18156.7087
-600.0,600,18161.52439
-600.0,600,18168.67465
-600.0,600,18174.718622
-600.0,600,18175.538661
-600.0,600,18189.776087
-600.0,600,18207.993022
-600.0,600,18208.246762
-1291.0,292,18209.02072
-600.0,600,18225.006935
-600.0,600,18230.233279
-1513.0,514,18233.70171
-600.0,600,18237.71012
-600.0,600,18259.03899
-600.0,600,18277.658472
-600.0,600,18277.906769
-600.0,600,18278.613188
-600.0,600,18294.783603
-600.0,600,18299.963336
-600.0,600,18303.421383
-600.0,600,18307.385648
-600.0,600,18527.356971
-600.0,600,18544.970825
-600.0,600,18545.19237
-600.0,600,18545.878098
-600.0,600,18561.475937
-600.0,600,18566.654218
-600.0,600,18570.171458
-600.0,600,18573.740075
-600.0,600,18594.582999
-600.0,600,18613.119863
-600.0,600,18613.340972
-600.0,600,18614.111289
-1508.0,509,18624.423917
-600.0,600,18629.477685
-600.0,600,18638.138433
-600.0,600,18641.969439
-600.0,600,18663.126623
-1500.0,501,18670.714535
-1292.0,293,18671.602413
-1447.0,448,18675.385412
-600.0,600,18681.134246
-600.0,600,18681.390469
-600.0,600,18697.975628
-600.0,600,18710.25581
-600.0,600,18731.536186
-600.0,600,18739.39611
-600.0,600,18740.223867
-600.0,600,18744.090837
-600.0,600,18749.849996
-600.0,600,18750.080789
-600.0,600,18766.411069
-600.0,600,18779.427644
-600.0,600,18801.095782
-600.0,600,18809.277351
-600.0,600,18810.102915
-600.0,600,18814.122896
-600.0,600,18820.36057
-600.0,600,18820.606423
-600.0,600,18837.544301
-600.0,600,18849.906433
-600.0,600,18870.86615
-600.0,600,18878.827948
-600.0,600,18879.596937
-600.0,600,18883.227966
-600.0,600,18888.775818
-600.0,600,18888.999747
-600.0,600,18905.411112
-600.0,600,18918.081867
-600.0,600,18939.264022
-600.0,600,18947.066728
-600.0,600,18947.900303
-600.0,600,18951.692722
-600.0,600,18957.616307
-600.0,600,18957.832563
-600.0,600,18974.643168
-600.0,600,18987.115013
-600.0,600,19008.781202
-600.0,600,19016.721913
-600.0,600,19017.601311
-600.0,600,19021.313107
-600.0,600,19027.471302
-600.0,600,19027.727626
-600.0,600,19044.45449
-600.0,600,19057.238615
-600.0,600,19078.613274
-600.0,600,19086.832698
-600.0,600,19087.679974
-600.0,600,19091.521149
-600.0,600,19294.688247
-600.0,600,19294.945116
-600.0,600,19310.874472
-600.0,600,19322.817663
-600.0,600,19343.688523
-600.0,600,19351.340869
-600.0,600,19352.155785
-1091.0,92,19353.983091
-600.0,600,19355.928177
-600.0,600,19361.73417
-600.0,600,19361.988807
-600.0,600,19378.827608
-600.0,600,19391.100916
-600.0,600,19420.488695
-600.0,600,19421.309679
-600.0,600,19423.161872
-600.0,600,19425.039217
-600.0,600,19430.787655
-600.0,600,19431.045083
-600.0,600,19447.693091
-1222.0,223,19456.328832
-600.0,600,19460.093698
-600.0,600,19488.983216
-600.0,600,19489.794707
-600.0,600,19491.670584
-600.0,600,19493.602318
-600.0,600,19499.53308
-1170.0,171,19508.14969
-600.0,600,19516.101707
-600.0,600,19524.782562
-600.0,600,19528.503325
-600.0,600,19558.022883
-600.0,600,19559.867708
-600.0,600,19561.808816
-600.0,600,19567.705423
-600.0,600,19576.460067
-600.0,600,19584.109516
-600.0,600,19592.64188
-600.0,600,19596.27114
-600.0,600,19625.30929
-600.0,600,19627.182729
-600.0,600,19629.126678
-600.0,600,19635.235248
-600.0,600,19644.02532
-600.0,600,19651.642478
-600.0,600,19660.072497
-600.0,600,19663.713834
-1254.0,255,19688.545939
-600.0,600,19692.930396
-600.0,600,19694.728971
-600.0,600,19696.668373
-600.0,600,19702.398037
-600.0,600,19711.135566
-600.0,600,19718.820325
-600.0,600,19731.263471
-600.0,600,19756.794231
-600.0,600,19761.260913
-600.0,600,19763.158006
-600.0,600,19765.086162
-600.0,600,19771.045877
-600.0,600,19779.890908
-600.0,600,19787.686893
-600.0,600,19799.948343
-600.0,600,19825.182005
-600.0,600,19829.46203
-600.0,600,19831.193496
-600.0,600,19833.151577
-600.0,600,19839.248735
-600.0,600,19848.161065
-600.0,600,19855.791697
-600.0,600,20063.574727
-600.0,600,20088.850676
-600.0,600,20093.247424
-600.0,600,20095.112204
-600.0,600,20097.265254
-600.0,600,20103.472489
-600.0,600,20112.426749
-600.0,600,20119.879862
-600.0,600,20132.52973
-600.0,600,20157.888595
-600.0,600,20162.230563
-600.0,600,20164.04005
-600.0,600,20165.946134
-600.0,600,20172.039271
-600.0,600,20181.01943
-600.0,600,20188.914385
-600.0,600,20201.628244
-600.0,600,20227.073918
-600.0,600,20231.371189
-600.0,600,20233.093066
-600.0,600,20235.032379
-600.0,600,20241.134529
-600.0,600,20250.065952
-600.0,600,20257.768471
-600.0,600,20270.571786
-600.0,600,20296.010675
-600.0,600,20300.487254
-600.0,600,20302.389908
-600.0,600,20304.434342
-600.0,600,20310.831065
-600.0,600,20319.634166
-600.0,600,20327.48089
-600.0,600,20340.331122
-1523.0,524,20365.265138
-600.0,600,20365.838135
-600.0,600,20370.174246
-600.0,600,20372.083585
-1439.0,440,20378.550869
-600.0,600,20380.320935
-1046.0,47,20383.834478
-600.0,600,20389.164116
-600.0,600,20409.360738
-600.0,600,20435.095948
-600.0,600,20435.668788
-600.0,600,20440.047987
-600.0,600,20441.950563
-600.0,600,20450.070453
-600.0,600,20453.69927
-600.0,600,20458.972149
-600.0,600,20479.381936
-600.0,600,20504.516973
-600.0,600,20505.116738
-600.0,600,20509.308214
-600.0,600,20511.14848
-600.0,600,20519.390994
-600.0,600,20523.184167
-600.0,600,20528.34168
-1214.0,215,20547.943724
-600.0,600,20548.792513
-600.0,600,20574.069401
-600.0,600,20574.627264
-600.0,600,20579.019719
-600.0,600,20580.908687
-600.0,600,20588.788774
-600.0,600,20597.540939
-600.0,600,20616.867058
-600.0,600,20617.63414
-600.0,600,20843.653953
-600.0,600,20844.224569
-600.0,600,20848.444603
-600.0,600,20850.346651
-600.0,600,20858.219334
-600.0,600,20866.948719
-600.0,600,20886.342974
-600.0,600,20887.079331
-600.0,600,20911.887579
-600.0,600,20912.453848
-600.0,600,20916.700258
-600.0,600,20918.702366
-600.0,600,20926.725879
-600.0,600,20935.749192
-1280.0,281,20944.056511
-600.0,600,20954.755772
-600.0,600,20955.535034
-1077.0,78,20964.127556
-600.0,600,20980.98558
-600.0,600,20985.248756
-600.0,600,20987.012391
-600.0,600,20994.724969
-600.0,600,21003.7464
-600.0,600,21011.853455
-600.0,600,21023.439462
-600.0,600,21031.560524
-600.0,600,21048.755309
-600.0,600,21053.184509
-600.0,600,21055.104773
-600.0,600,21062.92844
-600.0,600,21072.02237
-1388.0,389,21076.050254
-600.0,600,21080.306467
-600.0,600,21091.741992
-1175.0,176,21095.718024
-1469.0,470,21108.386975
-600.0,600,21117.331906
-600.0,600,21121.488543
-600.0,600,21131.261901
-600.0,600,21140.333527
-600.0,600,21148.95459
-600.0,600,21160.312732
-600.0,600,21164.419819
-600.0,600,21177.042041
-600.0,600,21185.671948
-600.0,600,21190.020319
-600.0,600,21200.180149
-600.0,600,21209.397328
-600.0,600,21218.144171
-600.0,600,21230.213469
-600.0,600,21234.354618
-600.0,600,21247.196676
-600.0,600,21256.075011
-600.0,600,21260.518321
-600.0,600,21270.016219
-600.0,600,21279.201087
-600.0,600,21287.869044
-600.0,600,21299.246098
-600.0,600,21303.261889
-600.0,600,21316.122277
-600.0,600,21324.751801
-600.0,600,21328.943946
-600.0,600,21338.678065
-600.0,600,21347.322058
-600.0,600,21356.062222
-600.0,600,21367.971565
-600.0,600,21372.189503
-600.0,600,21384.414193
-1168.0,169,21391.337439
-600.0,600,21393.219206
-600.0,600,21397.522673
-600.0,600,21608.807544
-600.0,600,21617.179772
-600.0,600,21625.545532
-600.0,600,21637.194825
-600.0,600,21653.90657
-600.0,600,21660.559556
-600.0,600,21662.480386
-600.0,600,21666.802655
-600.0,600,21676.773819
-600.0,600,21685.748401
-600.0,600,21693.898218
-600.0,600,21705.374709
-600.0,600,21721.936487
-600.0,600,21728.669447
-600.0,600,21730.562555
-600.0,600,21734.77239
-600.0,600,21744.374643
-600.0,600,21753.312525
-600.0,600,21761.479222
-600.0,600,21773.045463
-600.0,600,21789.631606
-600.0,600,21796.507842
-600.0,600,21798.620621
-600.0,600,21802.907205
-600.0,600,21812.738003
-600.0,600,21821.696166
-600.0,600,21830.195331
-600.0,600,21841.937761
-600.0,600,21858.386354
-600.0,600,21864.969697
-600.0,600,21867.016859
-600.0,600,21871.410984
-600.0,600,21881.261465
-600.0,600,21890.156393
-600.0,600,21898.741833
-600.0,600,21910.376707
-600.0,600,21926.597313
-600.0,600,21933.25367
-600.0,600,21935.200555
-600.0,600,21939.560353
-1265.0,266,21940.301185
-1422.0,423,21946.758255
-600.0,600,21949.53329
-600.0,600,21958.136703
-600.0,600,21994.662615
-600.0,600,22001.184292
-600.0,600,22003.206661
-1416.0,417,22005.394995
-600.0,600,22007.53314
-600.0,600,22008.225373
-600.0,600,22014.39373
-600.0,600,22017.198471
-1115.0,116,22030.15918
-1197.0,198,22030.404963
-600.0,600,22062.195124
-600.0,600,22068.921232
-600.0,600,22070.76596
-600.0,600,22073.090691
-600.0,600,22075.276146
-600.0,600,22082.090443
-600.0,600,22097.967826
-600.0,600,22098.236977
-263.0,264,22105.156944
-600.0,600,22130.068722
-600.0,600,22136.776979
-600.0,600,22138.636795
-600.0,600,22140.76067
-600.0,600,22149.724503
-600.0,600,22166.003796
-600.0,600,22166.23083
-600.0,600,22370.23719
-600.0,600,22395.708326
-600.0,600,22402.248209
-600.0,600,22404.165821
-600.0,600,22406.31809
-600.0,600,22415.251099
-600.0,600,22430.499801
-600.0,600,22430.719652
-600.0,600,22437.436559
-600.0,600,22462.864712
-600.0,600,22469.734386
-600.0,600,22471.651582
-600.0,600,22473.852221
-600.0,600,22483.446105
-600.0,600,22499.471614
-600.0,600,22499.733875
-600.0,600,22506.507256
-1505.0,506,22529.826377
-600.0,600,22531.750419
-600.0,600,22538.1991
-600.0,600,22542.306712
-600.0,600,22551.518163
-600.0,600,22567.305537
-600.0,600,22567.5249
-600.0,600,22574.302223
-600.0,600,22597.318437
-600.0,600,22599.28393
-600.0,600,22605.938615
-600.0,600,22610.186604
-600.0,600,22619.162966
-1426.0,427,22622.509702
-600.0,600,22634.960592
-600.0,600,22635.204327
-600.0,600,22664.985191
-600.0,600,22667.086699
-600.0,600,22673.85381
-600.0,600,22678.042029
-67.0,68,22685.710432
-600.0,600,22686.967694
-600.0,600,22690.141293
-600.0,600,22702.827564
-1152.0,153,22702.827631
-600.0,600,22703.086473
-600.0,600,22732.808418
-600.0,600,22735.00648
-600.0,600,22741.657562
-1150.0,151,22750.172741
-600.0,600,22754.781232
-600.0,600,22758.198508
-1111.0,112,22762.735113
-600.0,600,22770.779068
-600.0,600,22770.779129
-600.0,600,22771.024354
-600.0,600,22803.973832
-600.0,600,22810.645905
-600.0,600,22823.812424
-600.0,600,22827.272228
-600.0,600,22831.787168
-600.0,600,22840.140465
-600.0,600,22840.140526
-600.0,600,22840.373275
-600.0,600,22872.215758
-600.0,600,22879.070974
-600.0,600,22892.311886
-600.0,600,22895.720269
-600.0,600,22900.331716
-600.0,600,22908.306628
-600.0,600,22908.306693
-600.0,600,22908.52331
-600.0,600,23135.819547
-600.0,600,23142.37606
-600.0,600,23155.700574
-600.0,600,23159.138584
-600.0,600,23163.624853
-600.0,600,23171.605329
-600.0,600,23171.605387
-600.0,600,23171.818415
-600.0,600,23203.827902
-600.0,600,23210.619498
-600.0,600,23223.720439
-600.0,600,23226.954597
-600.0,600,23231.434417
-1576.0,577,23236.964759
-600.0,600,23239.521762
-600.0,600,23239.745371
-1201.0,202,23246.194539
-600.0,600,23271.622366
-1236.0,237,23273.252028
-600.0,600,23278.478457
-1349.0,350,23279.471684
-600.0,600,23294.996021
-600.0,600,23299.559341
-600.0,600,23305.114867
-600.0,600,23307.757711
-600.0,600,23339.792047
-600.0,600,23341.402976
-600.0,600,23346.505404
-600.0,600,23347.532026
-1076.0,77,23350.192999
-600.0,600,23363.184291
-600.0,600,23367.836711
-600.0,600,23373.400549
-600.0,600,23376.075351
-600.0,600,23408.356519
-600.0,600,23415.092798
-600.0,600,23416.091113
-600.0,600,23418.70346
-600.0,600,23431.453805
-600.0,600,23436.225063
-600.0,600,23441.76084
-600.0,600,23444.332787
-600.0,600,23477.33348
-600.0,600,23484.037376
-600.0,600,23485.042172
-600.0,600,23487.544947
-600.0,600,23500.575923
-600.0,600,23505.188061
-600.0,600,23510.490276
-600.0,600,23513.239194
-600.0,600,23545.325911
-600.0,600,23551.866623
-600.0,600,23552.838861
-600.0,600,23555.515993
-600.0,600,23569.088227
-600.0,600,23573.550497
-600.0,600,23579.044096
-600.0,600,23581.729909
-600.0,600,23614.94769
-600.0,600,23621.622577
-600.0,600,23622.577617
-600.0,600,23625.148262
-600.0,600,23638.273058
-600.0,600,23642.875794
-600.0,600,23648.501353
-600.0,600,23651.226339
-600.0,600,23682.959558
-600.0,600,23689.613768
-600.0,600,23690.609788
-600.0,600,23693.238235
-600.0,600,23902.770751
-600.0,600,23907.29402
-600.0,600,23912.819126
-600.0,600,23915.350367
-600.0,600,23947.440924
-600.0,600,23954.214192
-600.0,600,23955.276717
-600.0,600,23957.997562
-600.0,600,23971.269998
-600.0,600,23975.947699
-600.0,600,23981.350285
-600.0,600,23984.108133
-600.0,600,24016.698442
-600.0,600,24023.806845
-600.0,600,24024.855685
-600.0,600,24027.559133
-600.0,600,24040.114106
-600.0,600,24044.635349
-600.0,600,24050.201147
-600.0,600,24052.856723
-600.0,600,24085.309594
-600.0,600,24092.076371
-600.0,600,24093.100326
-600.0,600,24095.742123
-600.0,600,24108.769395
-600.0,600,24113.631652
-600.0,600,24119.124038
-600.0,600,24121.635301
-1133.0,134,24136.458125
-600.0,600,24153.069788
-600.0,600,24159.439928
-600.0,600,24160.479485
-600.0,600,24163.089302
-600.0,600,24176.046044
-1560.0,561,24176.18599
-1050.0,51,24182.039457
-600.0,600,24186.324655
-600.0,600,24204.142433
-1050.0,51,24209.968241
-1258.0,259,24211.598656
-1464.0,465,24212.544442
-600.0,600,24221.189845
-600.0,600,24228.950116
-600.0,600,24231.544625
-600.0,600,24244.463366
-1231.0,232,24247.531598
-1360.0,361,24253.478502
-600.0,600,24254.420148
-1400.0,401,24255.428066
-600.0,600,24279.749819
-1241.0,242,24282.063801
-600.0,600,24297.501658
-600.0,600,24300.099144
-600.0,600,24312.970815
-600.0,600,24316.008799
-600.0,600,24322.079784
-600.0,600,24324.015317
-1183.0,184,24333.740653
-1213.0,214,24339.911805
-1146.0,147,24340.271459
-600.0,600,24347.797335
-600.0,600,24350.150808
-600.0,600,24365.256781
-600.0,600,24367.85291
-1164.0,165,24368.902147
-600.0,600,24389.935254
-600.0,600,24401.947385
-600.0,600,24407.985539
-600.0,600,24408.315896
-600.0,600,24415.897821
-1162.0,163,24426.42253
-1123.0,124,24429.956607
-600.0,600,24433.234078
-600.0,600,24435.810712
-600.0,600,24436.798596
-1562.0,563,24453.675462
-1151.0,152,24454.213737
-1171.0,172,24455.538611
-1264.0,265,24456.948597
-600.0,600,24666.117589
-600.0,600,24672.545156
-600.0,600,24693.886917
-600.0,600,24697.023092
-600.0,600,24718.024395
-600.0,600,24718.514327
-600.0,600,24719.823142
-600.0,600,24721.07372
-600.0,600,24734.650441
-600.0,600,24741.334605
-1105.0,106,24746.817128
-600.0,600,24763.325435
-1199.0,200,24764.405423
-600.0,600,24766.383865
-600.0,600,24786.324126
-600.0,600,24786.740417
-600.0,600,24788.068198
-600.0,600,24789.276956
-600.0,600,24813.954746
-600.0,600,24829.697115
-600.0,600,24830.899725
-600.0,600,24833.124703
-600.0,600,24853.415322
-600.0,600,24853.9278
-600.0,600,24855.194506
-600.0,600,24856.510048
-1257.0,258,24859.136535
-1284.0,285,24863.372064
-600.0,600,24881.439074
-1545.0,546,24894.977029
-600.0,600,24921.256445
-600.0,600,24921.726434
-600.0,600,24922.972339
-600.0,600,24924.172435
-600.0,600,24926.67513
-600.0,600,24930.706027
-1140.0,141,24938.706959
-1070.0,71,24947.009425
-600.0,600,24949.490631
-270.0,271,24961.892332
-600.0,600,24962.894719
-600.0,600,24989.516068
-600.0,600,24990.00883
-600.0,600,24992.616851
-600.0,600,24995.051673
-600.0,600,25015.250593
-600.0,600,25017.667099
-600.0,600,25030.094934
-600.0,600,25031.119927
-1367.0,368,25031.388123
-1086.0,87,25041.622796
-600.0,600,25058.774654
-600.0,600,25061.192831
-600.0,600,25063.662157
-1059.0,60,25065.491681
-600.0,600,25084.186241
-600.0,600,25086.708524
-1234.0,235,25088.216549
-600.0,600,25098.781404
-600.0,600,25099.776296
-1320.0,321,25102.001014
-1341.0,342,25102.701473
-600.0,600,25109.740788
-1011.0,12,25111.075425
-1035.0,36,25115.087059
-600.0,600,25151.70921
-600.0,600,25154.171166
-600.0,600,25155.677509
-600.0,600,25166.585219
-600.0,600,25167.584759
-600.0,600,25169.625147
-600.0,600,25170.255189
-600.0,600,25182.777353
-1552.0,553,25216.12884
-600.0,600,25219.060287
-600.0,600,25223.023802
-600.0,600,25428.155482
-600.0,600,25429.127163
-600.0,600,25431.165799
-600.0,600,25431.860729
-600.0,600,25444.328579
-600.0,600,25478.306091
-600.0,600,25481.624738
-600.0,600,25485.60609
-1535.0,536,25492.412312
-600.0,600,25496.351244
-600.0,600,25497.405658
-600.0,600,25500.235234
-600.0,600,25513.398735
-1100.0,101,25525.003573
-1333.0,334,25535.30918
-1502.0,503,25539.838883
-600.0,600,25547.994349
-600.0,600,25554.943554
-600.0,600,25561.803927
-1595.0,596,25566.601469
-600.0,600,25569.875587
-1214.0,215,25586.478266
-1351.0,352,25588.506315
-1578.0,579,25592.188156
-1120.0,121,25600.441154
-600.0,600,25604.20602
-600.0,600,25608.678101
-600.0,600,25623.661618
-600.0,600,25635.057941
-600.0,600,25638.490933
-600.0,600,25656.910312
-600.0,600,25660.455478
-600.0,600,25668.90655
-600.0,600,25672.753298
-600.0,600,25677.401517
-600.0,600,25692.368596
-600.0,600,25703.97279
-600.0,600,25707.204041
-600.0,600,25725.204885
-600.0,600,25728.753307
-600.0,600,25736.916568
-600.0,600,25740.767997
-600.0,600,25745.270607
-600.0,600,25760.231182
-600.0,600,25771.898131
-600.0,600,25775.274163
-600.0,600,25794.173333
-600.0,600,25797.628671
-600.0,600,25806.290373
-600.0,600,25810.084394
-600.0,600,25814.453673
-600.0,600,25829.377758
-600.0,600,25840.746181
-600.0,600,25844.079531
-600.0,600,25862.692988
-600.0,600,25865.965084
-600.0,600,25874.298346
-600.0,600,25878.351826
-600.0,600,25882.867391
-600.0,600,25897.658767
-600.0,600,25909.142097
-600.0,600,25912.423424
-1481.0,482,25920.815677
-600.0,600,25930.698348
-600.0,600,25941.937138
-600.0,600,25945.739467
-600.0,600,25950.076137
-600.0,600,25965.066906
-600.0,600,25976.674275
-600.0,600,25980.009396
-600.0,600,25988.511939
-600.0,600,26191.351661
-600.0,600,26202.847305
-600.0,600,26206.644464
-600.0,600,26211.086209
-600.0,600,26226.195413
-600.0,600,26237.690032
-600.0,600,26241.145595
-600.0,600,26249.650299
-600.0,600,26259.768438
-600.0,600,26271.834943
-600.0,600,26275.760273
-600.0,600,26280.245803
-600.0,600,26295.080954
-600.0,600,26306.635257
-600.0,600,26309.954337
-600.0,600,26318.29679
-600.0,600,26328.357413
-600.0,600,26340.050861
-600.0,600,26343.868718
-600.0,600,26348.379017
-600.0,600,26363.08749
-600.0,600,26374.318409
-600.0,600,26377.507177
-600.0,600,26385.850432
-1206.0,207,26386.207133
-600.0,600,26396.036433
-600.0,600,26408.139485
-600.0,600,26411.928399
-144.0,145,26412.726043
-600.0,600,26416.290757
-600.0,600,26442.78796
-600.0,600,26446.219574
-600.0,600,26454.685726
-600.0,600,26455.079515
-600.0,600,26476.513256
-600.0,600,26480.498401
-600.0,600,26481.306023
-600.0,600,26484.872558
-600.0,600,26511.170555
-600.0,600,26514.521932
-600.0,600,26523.023307
-600.0,600,26523.369417
-600.0,600,26544.902756
-600.0,600,26548.82399
-600.0,600,26549.635775
-600.0,600,26553.406336
-600.0,600,26579.709481
-600.0,600,26582.868055
-600.0,600,26591.054917
-600.0,600,26591.37997
-1205.0,206,26602.680977
-600.0,600,26612.672203
-600.0,600,26616.502807
-600.0,600,26617.30708
-600.0,600,26621.101262
-600.0,600,26650.537108
-600.0,600,26658.961833
-600.0,600,26659.296938
-600.0,600,26670.873798
-1475.0,476,26671.646327
-600.0,600,26681.247204
-600.0,600,26685.069714
-600.0,600,26689.480626
-600.0,600,26719.041511
-600.0,600,26727.498344
-600.0,600,26727.858676
-600.0,600,26738.896574
-600.0,600,26739.563966
-600.0,600,26749.172031
-1558.0,559,26752.800904
-600.0,600,26753.03796
-600.0,600,26978.679453
-600.0,600,26987.344081
-600.0,600,26987.672584
-600.0,600,26998.99951
-600.0,600,26999.686734
-600.0,600,27009.062564
-600.0,600,27012.666713
-600.0,600,27012.888592
-600.0,600,27047.131886
-600.0,600,27055.48439
-600.0,600,27055.838686
-600.0,600,27067.154668
-600.0,600,27067.81323
-600.0,600,27077.364783
-600.0,600,27080.922471
-600.0,600,27081.142516
-600.0,600,27114.998987
-1374.0,375,27123.225569
-600.0,600,27123.357523
-600.0,600,27123.691297
-600.0,600,27135.284234
-600.0,600,27136.037938
-600.0,600,27145.667705
-600.0,600,27149.517396
-600.0,600,27183.820538
-1586.0,587,27190.678144
-1401.0,402,27191.456969
-600.0,600,27192.021387
-600.0,600,27192.508736
-600.0,600,27203.832038
-1113.0,114,27204.363402
-600.0,600,27204.481364
-600.0,600,27217.660921
-258.0,259,27221.872544
-600.0,600,27251.673221
-600.0,600,27258.560715
-600.0,600,27259.93813
-600.0,600,27271.873087
-600.0,600,27272.404886
-600.0,600,27272.518343
-1006.0,7,27272.628363
-600.0,600,27285.511726
-600.0,600,27289.351906
-600.0,600,27319.310603
-600.0,600,27326.299168
-600.0,600,27327.655955
-600.0,600,27339.986817
-600.0,600,27340.108782
-600.0,600,27340.250543
-600.0,600,27353.078165
-600.0,600,27357.214099
-1326.0,327,27364.508465
-1421.0,422,27373.865397
-1366.0,367,27381.195353
-1378.0,379,27382.744334
-600.0,600,27386.865485
-1159.0,160,27391.760872
-600.0,600,27407.145071
-600.0,600,27419.827747
-600.0,600,27423.878323
-600.0,600,27431.051172
-600.0,600,27447.768085
-600.0,600,27449.429214
-600.0,600,27453.613967
-600.0,600,27458.247539
-1089.0,90,27468.106241
-600.0,600,27473.585413
-1243.0,244,27480.482396
-600.0,600,27486.626882
-600.0,600,27490.778872
-600.0,600,27497.892929
-600.0,600,27704.630187
-600.0,600,27706.264418
-600.0,600,27725.494515
-600.0,600,27731.143337
-600.0,600,27738.053836
-600.0,600,27744.125278
-1063.0,64,27745.021729
-600.0,600,27748.2953
-1426.0,427,27752.886896
-600.0,600,27755.655329
-1140.0,141,27761.214031
-1292.0,293,27764.352275
-600.0,600,27774.168623
-600.0,600,27793.243392
-1401.0,402,27801.297411
-600.0,600,27812.379507
-600.0,600,27816.497138
-600.0,600,27821.021782
-600.0,600,27829.140417
-1327.0,328,27830.57657
-600.0,600,27832.291225
-600.0,600,27842.600214
-600.0,600,27869.49083
-1426.0,427,27879.336001
-1562.0,563,27880.689003
-600.0,600,27880.807502
-600.0,600,27889.619508
-600.0,600,27898.292074
-600.0,600,27901.515627
-600.0,600,27911.289582
-1458.0,459,27931.721396
-600.0,600,27938.037277
-600.0,600,27949.15581
-600.0,600,27949.26586
-600.0,600,27958.089583
-600.0,600,27966.329056
-600.0,600,27969.487559
-600.0,600,27979.323255
-600.0,600,28000.048791
-600.0,600,28006.323199
-600.0,600,28017.409915
-600.0,600,28017.525334
-600.0,600,28026.201193
-600.0,600,28034.336705
-1265.0,266,28036.3804
-600.0,600,28037.309486
-600.0,600,28046.878344
-600.0,600,28067.385111
-600.0,600,28084.574454
-600.0,600,28084.682556
-1455.0,456,28088.251234
-600.0,600,28093.302259
-600.0,600,28101.72089
-1486.0,487,28101.85797
-600.0,600,28103.849616
-1221.0,222,28109.838513
-600.0,600,28135.015564
-1384.0,385,28147.092226
-1369.0,370,28151.293531
-600.0,600,28152.280227
-1577.0,578,28153.374896
-1499.0,500,28157.678582
-600.0,600,28160.717925
-600.0,600,28169.106697
-1174.0,175,28177.407836
-600.0,600,28202.570127
-600.0,600,28214.459702
-600.0,600,28218.888275
-600.0,600,28219.934429
-600.0,600,28221.1099
-600.0,600,28228.745667
-600.0,600,28237.131793
-600.0,600,28245.416176
-1482.0,483,28436.744876
-600.0,600,28437.935677
-600.0,600,28453.68301
-1445.0,446,28454.25797
-600.0,600,28454.698155
-600.0,600,28455.841236
-1007.0,8,28456.72256
-1594.0,595,28462.453411
-1103.0,104,28465.130656
-1568.0,569,28476.275684
-600.0,600,28503.582237
-600.0,600,28504.848638
-600.0,600,28521.712227
-600.0,600,28522.138139
-600.0,600,28524.231152
-600.0,600,28530.385116
-600.0,600,28533.127292
-600.0,600,28544.064654
-1385.0,386,28565.140869
-1392.0,393,28568.588765
-600.0,600,28571.339773
-600.0,600,28572.601952
-600.0,600,28589.607038
-600.0,600,28597.446781
-600.0,600,28600.236067
-600.0,600,28611.792259
-1526.0,527,28624.767195
-600.0,600,28635.748755
-600.0,600,28638.532095
-600.0,600,28639.785519
-600.0,600,28656.590186
-600.0,600,28664.444531
-600.0,600,28667.175111
-600.0,600,28678.327772
-600.0,600,28691.331016
-600.0,600,28703.077072
-600.0,600,28705.794981
-1026.0,27,28706.003045
-600.0,600,28707.119874
-600.0,600,28724.642067
-600.0,600,28732.91367
-600.0,600,28735.688464
-600.0,600,28746.974838
-600.0,600,28760.06303
-600.0,600,28774.22835
-600.0,600,28774.441852
-600.0,600,28775.406397
-600.0,600,28792.436785
-600.0,600,28800.48534
-600.0,600,28803.177049
-600.0,600,28814.280508
-1122.0,123,28816.937776
-600.0,600,28827.252054
-600.0,600,28841.205648
-600.0,600,28841.42138
-600.0,600,28842.499306
-600.0,600,28859.913156
-600.0,600,28868.115934
-600.0,600,28882.17557
-600.0,600,28884.929005
-600.0,600,28895.00199
-600.0,600,28909.655857
-600.0,600,28909.874288
-600.0,600,28910.913719
-1466.0,467,28921.340826
-600.0,600,28927.801549
-600.0,600,28949.507459
-600.0,600,28952.225811
-600.0,600,28962.523259
-600.0,600,28976.760279
-600.0,600,28976.977542
-600.0,600,28977.981512
-1186.0,187,28983.330297
-600.0,600,28988.094632
-600.0,600,28994.935127
-600.0,600,29209.674914
-600.0,600,29212.43533
-600.0,600,29237.219124
-600.0,600,29237.471567
-600.0,600,29238.487415
-600.0,600,29243.75625
-600.0,600,29248.640529
-600.0,600,29255.553906
-600.0,600,29277.462748
-600.0,600,29280.346796
-600.0,600,29305.227178
-600.0,600,29305.479746
-600.0,600,29306.500272
-600.0,600,29311.946702
-600.0,600,29316.617496
-600.0,600,29323.431077
-600.0,600,29345.44216
-600.0,600,29348.34609
-600.0,600,29372.757373
-600.0,600,29373.022218
-600.0,600,29374.018709
-600.0,600,29379.677978
-600.0,600,29384.389778
-600.0,600,29391.345487
-600.0,600,29413.071101
-600.0,600,29415.832096
-600.0,600,29440.367745
-600.0,600,29440.609414
-600.0,600,29441.665724
-600.0,600,29447.288885
-1089.0,90,29450.848027
-600.0,600,29452.253994
-600.0,600,29459.337538
-600.0,600,29481.192991
-600.0,600,29484.132908
-600.0,600,29509.226426
-600.0,600,29510.279289
-600.0,600,29515.722062
-600.0,600,29519.060419
-600.0,600,29520.404408
-600.0,600,29527.333307
-600.0,600,29549.433864
-600.0,600,29552.187337
-600.0,600,29577.28637
-600.0,600,29578.378874
-600.0,600,29583.93087
-600.0,600,29587.081139
-600.0,600,29588.417426
-600.0,600,29595.175736
-600.0,600,29616.668377
-600.0,600,29619.510192
-1309.0,310,29629.665061
-600.0,600,29644.026265
-600.0,600,29645.049903
-1256.0,257,29645.403955
-1048.0,49,29649.783412
-600.0,600,29650.873691
-600.0,600,29654.329967
-600.0,600,29655.662891
-1235.0,236,29672.370026
-1218.0,219,29680.062619
-600.0,600,29686.856954
-600.0,600,29697.905183
-600.0,600,29713.205284
-600.0,600,29717.750055
-600.0,600,29718.793263
-600.0,600,29722.153079
-600.0,600,29740.207501
-600.0,600,29748.369297
-600.0,600,29755.176364
-600.0,600,29961.379844
-600.0,600,29976.768765
-600.0,600,29981.356504
-600.0,600,29982.434753
-600.0,600,29985.760203
-600.0,600,30003.686432
-600.0,600,30011.825637
-600.0,600,30018.850314
-600.0,600,30029.517717
-600.0,600,30045.002438
-600.0,600,30049.745325
-600.0,600,30050.784545
-600.0,600,30054.221915
-1091.0,92,30055.693749
-600.0,600,30071.861533
-1002.0,3,30072.179987
-600.0,600,30079.711443
-600.0,600,30086.427714
-600.0,600,30096.841505
-600.0,600,30117.280364
-600.0,600,30118.311135
-600.0,600,30121.581206
-600.0,600,30123.028884
-600.0,600,30139.935887
-600.0,600,30147.831921
-600.0,600,30154.504493
-600.0,600,30164.398373
-600.0,600,30183.993276
-600.0,600,30185.084255
-600.0,600,30188.617613
-600.0,600,30190.159341
-600.0,600,30206.69874
-600.0,600,30214.010763
-600.0,600,30220.882219
-600.0,600,30231.144398
-600.0,600,30250.707719
-600.0,600,30251.71877
-600.0,600,30255.142208
-600.0,600,30256.647876
-600.0,600,30273.395526
-600.0,600,30281.008727
-600.0,600,30287.800231
-600.0,600,30298.214277
-600.0,600,30318.094809
-600.0,600,30319.08094
-600.0,600,30322.706033
-600.0,600,30324.258743
-1395.0,396,30325.859986
-84.0,85,30335.403921
-600.0,600,30341.155987
-600.0,600,30355.235892
-600.0,600,30365.079029
-1465.0,466,30369.579797
-600.0,600,30385.282952
-600.0,600,30388.769234
-600.0,600,30390.280014
-600.0,600,30401.458074
-600.0,600,30407.117034
-600.0,600,30421.668845
-600.0,600,30431.815653
-600.0,600,30436.684577
-600.0,600,30452.535673
-600.0,600,30455.942281
-600.0,600,30457.364749
-600.0,600,30468.164734
-600.0,600,30473.800777
-600.0,600,30488.713713
-600.0,600,30499.412481
-600.0,600,30504.178248
-600.0,600,30716.807581
-600.0,600,30720.264575
-600.0,600,30721.664384
-600.0,600,30732.596535
-600.0,600,30738.240407
-600.0,600,30752.535745
-600.0,600,30763.429397
-600.0,600,30768.260971
-600.0,600,30784.503336
-600.0,600,30787.829671
-600.0,600,30789.364919
-1042.0,43,30789.36503
-600.0,600,30800.654323
-600.0,600,30806.327992
-600.0,600,30821.269417
-600.0,600,30831.299362
-600.0,600,30836.300335
-600.0,600,30855.562524
-600.0,600,30857.03133
-600.0,600,30857.031412
-1057.0,58,30863.394589
-600.0,600,30867.800371
-1042.0,43,30872.612403
-600.0,600,30873.55655
-600.0,600,30887.895292
-600.0,600,30898.091443
-600.0,600,30902.713742
-1524.0,525,30922.292845
-600.0,600,30922.785837
-600.0,600,30924.343091
-600.0,600,30940.219608
-600.0,600,30941.115347
-600.0,600,30955.708629
-600.0,600,30966.212835
-600.0,600,30970.928936
-600.0,600,30990.280988
-600.0,600,30990.734629
-600.0,600,30992.13425
-1067.0,68,30999.896204
-600.0,600,31007.840182
-600.0,600,31008.672774
-1286.0,287,31022.136879
-600.0,600,31023.151703
-600.0,600,31033.769722
-600.0,600,31038.738952
-1572.0,573,31055.031869
-600.0,600,31067.194694
-600.0,600,31075.718982
-600.0,600,31076.625424
-1424.0,425,31086.739154
-600.0,600,31090.182246
-600.0,600,31091.213169
-600.0,600,31101.610404
-600.0,600,31123.360962
-600.0,600,31135.35029
-600.0,600,31143.941933
-600.0,600,31144.893418
-600.0,600,31155.012558
-600.0,600,31158.508709
-600.0,600,31159.516634
-600.0,600,31170.135625
-600.0,600,31191.722878
-600.0,600,31204.295755
-600.0,600,31212.871763
-600.0,600,31213.794103
-600.0,600,31223.978624
-600.0,600,31227.532584
-600.0,600,31228.496858
-600.0,600,31239.077163
-600.0,600,31260.361477
-600.0,600,31272.286956
-600.0,600,31477.972103
-600.0,600,31478.855709
-600.0,600,31488.880579
-600.0,600,31492.289741
-600.0,600,31493.3066
-600.0,600,31503.483139
-600.0,600,31524.616385
-600.0,600,31536.515931
-600.0,600,31545.161516
-600.0,600,31546.072355
-600.0,600,31555.832182
-600.0,600,31559.275743
-600.0,600,31560.277838
-1211.0,212,31568.818006
-600.0,600,31570.797568
-600.0,600,31592.705833
-600.0,600,31604.987226
-600.0,600,31614.229993
-600.0,600,31624.184281
-600.0,600,31627.773804
-600.0,600,31628.79476
-600.0,600,31637.34474
-600.0,600,31639.138868
-600.0,600,31660.069345
-600.0,600,31671.777781
-600.0,600,31681.043925
-600.0,600,31690.964505
-1487.0,488,31691.301891
-600.0,600,31694.480355
-600.0,600,31695.46137
-600.0,600,31705.646523
-600.0,600,31726.930899
-600.0,600,31738.911356
-600.0,600,31747.81967
-600.0,600,31757.63623
-600.0,600,31757.981965
-600.0,600,31761.307348
-600.0,600,31762.348065
-600.0,600,31772.702126
-600.0,600,31793.739095
-333.0,334,31798.464974
-1577.0,578,31803.28457
-1532.0,533,31807.357543
-600.0,600,31824.452886
-600.0,600,31824.814227
-600.0,600,31828.910819
-600.0,600,31839.157894
-600.0,600,31860.348353
-600.0,600,31865.278253
-1398.0,399,31869.315418
-600.0,600,31869.84204
-600.0,600,31873.927428
-1155.0,156,31887.282355
-600.0,600,31891.413758
-600.0,600,31895.996139
-600.0,600,31906.035254
-600.0,600,31926.936457
-600.0,600,31931.871113
-600.0,600,31935.921634
-600.0,600,31940.376246
-600.0,600,31953.366543
-600.0,600,31957.415047
-1054.0,55,31959.400644
-600.0,600,31961.832083
-600.0,600,31972.169066
-600.0,600,31993.573778
-1510.0,511,31997.514291
-1340.0,341,31997.965945
-600.0,600,31998.696936
-600.0,600,32002.799649
-600.0,600,32025.236258
-600.0,600,32029.734609
-600.0,600,32227.724904
-600.0,600,32248.800894
-600.0,600,32252.47963
-600.0,600,32252.97589
-600.0,600,32253.658915
-600.0,600,32257.647757
-600.0,600,32279.797829
-600.0,600,32284.141498
-1011.0,12,32285.464181
-600.0,600,32294.291152
-1461.0,462,32309.149349
-600.0,600,32315.468099
-600.0,600,32319.088355
-600.0,600,32319.541779
-600.0,600,32320.20802
-1070.0,71,32323.116518
-600.0,600,32346.270159
-600.0,600,32351.883171
-1305.0,306,32353.230891
-600.0,600,32360.589242
-1378.0,379,32361.95447
-1094.0,95,32363.66361
-600.0,600,32375.191825
-600.0,600,32385.322113
-600.0,600,32389.292475
-1453.0,454,32401.926217
-600.0,600,32412.630057
-600.0,600,32426.975581
-600.0,600,32428.284657
-600.0,600,32430.144576
-600.0,600,32441.537137
-600.0,600,32451.816801
-600.0,600,32455.868428
-600.0,600,32468.667129
-600.0,600,32478.998124
-1484.0,485,32482.349289
-600.0,600,32494.025542
-600.0,600,32497.187636
-1470.0,471,32504.544504
-600.0,600,32508.712946
-1218.0,219,32521.786011
-600.0,600,32523.277946
-600.0,600,32536.06442
-600.0,600,32546.56357
-600.0,600,32549.874243
-600.0,600,32561.45855
-600.0,600,32572.446854
-1212.0,213,32574.261541
-600.0,600,32576.756187
-1539.0,540,32582.790936
-600.0,600,32591.025524
-1159.0,160,32594.692568
-600.0,600,32603.810318
-600.0,600,32614.319871
-1221.0,222,32615.826125
-600.0,600,32629.052445
-1444.0,445,32632.742879
-600.0,600,32639.477092
-600.0,600,32641.342847
-1428.0,429,32642.637911
-600.0,600,32670.68561
-600.0,600,32681.059747
-600.0,600,32682.569732
-600.0,600,32695.538371
-600.0,600,32699.059074
-600.0,600,32706.166492
-600.0,600,32707.97012
-600.0,600,32709.123837
-600.0,600,32737.04548
-600.0,600,32747.315003
-600.0,600,32748.939058
-1198.0,199,32758.516842
-1576.0,577,32758.973948
-1484.0,485,32759.196712
-600.0,600,32765.129858
-600.0,600,32773.540844
-600.0,600,32953.735586
-1391.0,392,32980.829046
-600.0,600,32991.852356
-1369.0,370,32993.21091
-600.0,600,32993.424013
-1453.0,454,32993.842471
-600.0,600,33003.572295
-600.0,600,33004.254086
-600.0,600,33019.815496
-1035.0,36,33023.786162
-600.0,600,33047.406856
-600.0,600,33058.473743
-600.0,600,33059.831634
-600.0,600,33060.047515
-600.0,600,33060.4755
-600.0,600,33070.256489
-600.0,600,33070.938008
-600.0,600,33090.609696
-600.0,600,33114.144343
-600.0,600,33124.929192
-600.0,600,33126.302526
-600.0,600,33126.540387
-600.0,600,33127.007497
-600.0,600,33136.744161
-600.0,600,33137.451171
-600.0,600,33157.608749
-600.0,600,33181.598249
-600.0,600,33192.743035
-600.0,600,33194.055123
-600.0,600,33194.323934
-600.0,600,33194.789728
-600.0,600,33204.540771
-600.0,600,33205.170283
-600.0,600,33224.920827
-600.0,600,33248.578913
-600.0,600,33259.974314
-600.0,600,33261.399191
-600.0,600,33261.605885
-600.0,600,33262.068045
-600.0,600,33271.749416
-600.0,600,33272.465915
-600.0,600,33292.75478
-600.0,600,33316.520978
-600.0,600,33327.15784
-600.0,600,33328.559297
-600.0,600,33328.773038
-600.0,600,33329.199521
-600.0,600,33339.162831
-600.0,600,33339.83834
-600.0,600,33359.21623
-600.0,600,33383.012147
-600.0,600,33394.256159
-600.0,600,33395.528144
-600.0,600,33395.743234
-600.0,600,33396.200778
-600.0,600,33405.878194
-600.0,600,33406.602565
-1153.0,154,33423.486774
-600.0,600,33426.183377
-600.0,600,33449.582531
-600.0,600,33460.201749
-600.0,600,33461.512176
-600.0,600,33461.740841
-600.0,600,33462.182106
-600.0,600,33471.861986
-600.0,600,33489.168234
-600.0,600,33491.891068
-600.0,600,33700.308173
-600.0,600,33711.298217
-600.0,600,33712.565977
-600.0,600,33712.783046
-600.0,600,33713.23539
-600.0,600,33722.683565
-1561.0,562,33739.559311
-1589.0,590,33740.021289
-600.0,600,33767.071467
-512.0,513,33770.370245
-600.0,600,33777.921186
-600.0,600,33779.254872
-600.0,600,33779.498749
-600.0,600,33790.186931
-600.0,600,33806.656732
-600.0,600,33807.123047
-600.0,600,33834.769557
-600.0,600,33838.274755
-600.0,600,33845.827256
-600.0,600,33847.128183
-600.0,600,33847.331644
-600.0,600,33857.582744
-600.0,600,33873.81734
-600.0,600,33874.266909
-1430.0,431,33895.526744
-600.0,600,33901.748932
-600.0,600,33905.138811
-600.0,600,33912.747792
-600.0,600,33914.266088
-600.0,600,33924.253136
-600.0,600,33940.696418
-600.0,600,33941.163884
-1414.0,415,33958.825479
-600.0,600,33961.931067
-600.0,600,33968.143905
-600.0,600,33971.394342
-600.0,600,33980.545801
-600.0,600,33990.78903
-600.0,600,34007.096056
-600.0,600,34007.586968
-1377.0,378,34022.548164
-600.0,600,34025.111446
-600.0,600,34028.136338
-600.0,600,34034.384102
-600.0,600,34037.782145
-600.0,600,34057.077053
-600.0,600,34073.235561
-600.0,600,34073.684043
-1006.0,7,34073.99748
-600.0,600,34088.730742
-600.0,600,34091.380274
-600.0,600,34094.561354
-600.0,600,34101.088731
-600.0,600,34104.293235
-1106.0,107,34106.455029
-600.0,600,34123.636231
-600.0,600,34140.371778
-600.0,600,34140.765644
-600.0,600,34155.983371
-600.0,600,34158.608193
-600.0,600,34168.091827
-600.0,600,34171.445429
-600.0,600,34173.593091
-600.0,600,34190.89687
-600.0,600,34207.348691
-600.0,600,34207.663048
-600.0,600,34222.712313
-600.0,600,34225.256737
-600.0,600,34234.614867
-600.0,600,34237.942927
-600.0,600,34240.161081
-600.0,600,34443.24213
-600.0,600,34459.830026
-600.0,600,34460.184639
-600.0,600,34475.154864
-600.0,600,34477.722979
-600.0,600,34487.046237
-600.0,600,34490.36507
-600.0,600,34492.48594
-600.0,600,34510.411336
-600.0,600,34526.900696
-600.0,600,34527.214504
-1000.0,1,34527.348138
-600.0,600,34542.250346
-600.0,600,34544.8175
-600.0,600,34554.156629
-600.0,600,34557.594326
-600.0,600,34559.694562
-600.0,600,34577.243791
-600.0,600,34593.789648
-600.0,600,34594.24381
-600.0,600,34609.01764
-600.0,600,34611.562343
-600.0,600,34621.355604
-600.0,600,34624.723329
-600.0,600,34626.789669
-1225.0,226,34636.901941
-1593.0,594,34643.424058
-600.0,600,34661.074559
-600.0,600,34661.501471
-600.0,600,34676.727933
-600.0,600,34689.096128
-600.0,600,34692.41167
-600.0,600,34694.444633
-600.0,600,34704.792804
-600.0,600,34711.030682
-600.0,600,34728.042788
-600.0,600,34728.481767
-600.0,600,34742.910876
-600.0,600,34755.062461
-600.0,600,34758.583169
-600.0,600,34760.60921
-600.0,600,34770.846263
-600.0,600,34777.493675
-600.0,600,34795.297784
-600.0,600,34795.789814
-600.0,600,34810.233065
-600.0,600,34822.321131
-600.0,600,34825.663365
-600.0,600,34827.90882
-600.0,600,34838.017621
-600.0,600,34844.792342
-600.0,600,34862.169449
-600.0,600,34862.6045
-600.0,600,34877.920269
-600.0,600,34890.031842
-600.0,600,34893.364756
-600.0,600,34895.423086
-1078.0,79,34904.11369
-600.0,600,34905.394978
-600.0,600,34911.687892
-600.0,600,34928.744663
-600.0,600,34929.196499
-1271.0,272,34933.691444
-600.0,600,34943.929027
-600.0,600,34956.280298
-600.0,600,34959.540466
-600.0,600,34971.694801
-600.0,600,34978.18741
-600.0,600,35183.110636
-600.0,600,35183.59844
-600.0,600,35188.439578
-600.0,600,35198.303829
-600.0,600,35210.514522
-600.0,600,35213.818624
-600.0,600,35225.987898
-600.0,600,35232.269117
-600.0,600,35250.28619
-600.0,600,35250.707023
-600.0,600,35255.475063
-600.0,600,35265.792309
-600.0,600,35277.835332
-600.0,600,35281.236972
-600.0,600,35293.235737
-600.0,600,35299.776216
-600.0,600,35317.008343
-600.0,600,35317.534861
-600.0,600,35322.182385
-600.0,600,35331.99576
-600.0,600,35344.144776
-600.0,600,35347.464061
-600.0,600,35359.801511
-600.0,600,35366.33621
-592.0,593,35382.339972
-600.0,600,35383.506755
-600.0,600,35388.210507
-600.0,600,35398.610511
-600.0,600,35410.722474
-600.0,600,35413.94401
-600.0,600,35426.11705
-600.0,600,35432.669777
-600.0,600,35448.98703
-600.0,600,35450.175143
-600.0,600,35454.605674
-600.0,600,35464.657702
-600.0,600,35476.755357
-600.0,600,35480.053529
-600.0,600,35492.587734
-600.0,600,35499.078535
-600.0,600,35515.956485
-600.0,600,35517.191702
-600.0,600,35521.940854
-600.0,600,35531.96776
-600.0,600,35543.612119
-600.0,600,35546.930779
-600.0,600,35559.356479
-600.0,600,35565.964
-600.0,600,35583.155067
-600.0,600,35584.506193
-600.0,600,35589.10784
-600.0,600,35599.242354
-600.0,600,35611.336591
-600.0,600,35614.584899
-600.0,600,35626.977049
-600.0,600,35633.113107
-600.0,600,35649.428571
-600.0,600,35650.630817
-600.0,600,35655.132922
-600.0,600,35665.151167
-600.0,600,35677.411049
-600.0,600,35680.520759
-600.0,600,35692.684385
-600.0,600,35698.978414
-600.0,600,35715.699347
-600.0,600,35716.891037
-600.0,600,35721.589973
-600.0,600,35731.704294
-1561.0,562,35931.810864
-600.0,600,35932.668781
-600.0,600,35948.314726
-600.0,600,35954.76428
-600.0,600,35971.444029
-600.0,600,35972.657823
-600.0,600,35977.358254
-600.0,600,35987.682082
-600.0,600,35998.732565
-600.0,600,35999.623119
-600.0,600,36015.363481
-600.0,600,36022.100852
-600.0,600,36038.720197
-600.0,600,36039.93799
-600.0,600,36044.73553
-1469.0,470,36051.42393
-600.0,600,36054.507589
-600.0,600,36066.842451
-600.0,600,36082.426917
-600.0,600,36089.11388
-600.0,600,36105.282999
-600.0,600,36106.46551
-600.0,600,36111.165238
-600.0,600,36118.024945
-600.0,600,36121.058254
-600.0,600,36133.156779
-600.0,600,36148.214385
-600.0,600,36154.526356
-1562.0,563,36168.280427
-600.0,600,36171.349024
-600.0,600,36177.176884
-600.0,600,36183.981491
-600.0,600,36187.099726
-600.0,600,36199.632711
-600.0,600,36215.179523
-600.0,600,36221.574341
-600.0,600,36235.333823
-1469.0,470,36236.560969
-600.0,600,36238.193761
-600.0,600,36244.013574
-600.0,600,36254.114128
-600.0,600,36266.363366
-600.0,600,36282.396088
-600.0,600,36288.801894
-600.0,600,36302.590773
-600.0,600,36303.936696
-600.0,600,36305.622079
-600.0,600,36311.564437
-600.0,600,36321.700699
-600.0,600,36333.518492
-1293.0,294,36336.408697
-600.0,600,36348.97255
-600.0,600,36355.295135
-600.0,600,36368.828625
-600.0,600,36371.741865
-600.0,600,36377.457872
-600.0,600,36387.403117
-600.0,600,36399.318472
-600.0,600,36402.302377
-600.0,600,36415.209504
-600.0,600,36421.721275
-600.0,600,36435.579907
-600.0,600,36438.594485
-600.0,600,36444.680035
-600.0,600,36454.911262
-600.0,600,36467.074156
-600.0,600,36469.886754
-600.0,600,36482.787071
-600.0,600,36675.019619
-600.0,600,36688.460011
-600.0,600,36691.304918
-600.0,600,36697.272015
-600.0,600,36707.485897
-600.0,600,36719.661606
-600.0,600,36722.426105
-600.0,600,36735.245165
-600.0,600,36741.60157
-600.0,600,36755.257757
-600.0,600,36758.210529
-600.0,600,36764.200237
-600.0,600,36774.511253
-600.0,600,36786.482154
-1461.0,462,36786.696409
-600.0,600,36789.396521
-600.0,600,36808.241934
-600.0,600,36821.768763
-600.0,600,36824.695707
-600.0,600,36830.543079
-600.0,600,36840.681532
-600.0,600,36852.57493
-600.0,600,36852.784575
-600.0,600,36855.574839
-600.0,600,36874.38328
-600.0,600,36887.777091
-600.0,600,36890.756789
-600.0,600,36896.687811
-600.0,600,36906.838332
-600.0,600,36919.24229
-600.0,600,36919.456612
-600.0,600,36922.147198
-600.0,600,36941.349158
-600.0,600,36954.841035
-600.0,600,36957.811461
-600.0,600,36963.630358
-600.0,600,36973.823528
-600.0,600,36985.678931
-600.0,600,36985.928805
-600.0,600,36988.763443
-600.0,600,37007.864886
-600.0,600,37021.594538
-600.0,600,37024.310454
-600.0,600,37030.224113
-600.0,600,37040.51457
-600.0,600,37052.82851
-600.0,600,37053.085189
-600.0,600,37055.773712
-600.0,600,37074.95969
-600.0,600,37088.732635
-600.0,600,37091.626559
-600.0,600,37097.804068
-600.0,600,37107.820886
-1212.0,213,37115.247528
-600.0,600,37119.622791
-600.0,600,37119.845484
-600.0,600,37122.505548
-600.0,600,37141.894414
-600.0,600,37155.47807
-600.0,600,37164.13995
-600.0,600,37173.900187
-600.0,600,37181.315079
-600.0,600,37185.817958
-600.0,600,37186.055863
-600.0,600,37188.646814
-600.0,600,37207.479146
-600.0,600,37221.240991
-600.0,600,37415.470263
-600.0,600,37425.187931
-600.0,600,37432.520742
-600.0,600,37437.013064
-600.0,600,37437.236178
-600.0,600,37440.160975
-600.0,600,37459.204445
-600.0,600,37472.897618
-600.0,600,37481.629877
-600.0,600,37491.906698
-600.0,600,37499.344448
-600.0,600,37503.617034
-600.0,600,37503.838601
-600.0,600,37506.535656
-600.0,600,37524.992596
-600.0,600,37539.154574
-600.0,600,37548.106585
-600.0,600,37558.56628
-600.0,600,37566.249973
-600.0,600,37570.680152
-600.0,600,37570.923091
-600.0,600,37573.487337
-600.0,600,37592.719769
-600.0,600,37606.336043
-600.0,600,37615.125246
-600.0,600,37625.289056
-600.0,600,37633.016619
-600.0,600,37637.232615
-600.0,600,37637.44061
-600.0,600,37640.019845
-600.0,600,37658.735384
-600.0,600,37672.183414
-1388.0,389,37679.900434
-600.0,600,37680.900582
-1520.0,521,37682.229359
-600.0,600,37698.505039
-600.0,600,37702.99255
-600.0,600,37705.817914
-1372.0,373,37723.415722
-600.0,600,37724.839118
-600.0,600,37738.700435
-600.0,600,37746.357552
-600.0,600,37747.373653
-600.0,600,37765.549123
-600.0,600,37770.155271
-600.0,600,37773.170976
-600.0,600,37791.051181
-600.0,600,37792.550549
-600.0,600,37806.375973
-1145.0,146,37808.960602
-600.0,600,37814.220775
-600.0,600,37815.163117
-600.0,600,37832.876893
-600.0,600,37837.665897
-600.0,600,37840.499012
-1261.0,262,37844.604292
-600.0,600,37858.272175
-600.0,600,37873.67098
-600.0,600,37876.236236
-600.0,600,37881.624815
-600.0,600,37900.752969
-600.0,600,37905.159015
-600.0,600,37908.147826
-600.0,600,37912.050191
-600.0,600,37925.813386
-1476.0,477,37927.240636
-600.0,600,37943.403615
-600.0,600,37948.564336
-489.0,490,37962.696797
